"","Date.x","Species","sex","standard_length","fork_length","total_length","Condition","year","Date.y","intensity_mean","intensity_max","intensity_cumulative"
"1",2000-06-27,"Southern stingray","F",76,NA,NA,"G",2000,2000-06-26,1.9258,2.4805,21.184
"2",2000-06-27,"Nurse shark","F",99,NA,145,"E",2000,2000-06-26,1.9258,2.4805,21.184
"3",2000-06-27,"Nurse shark","F",100,NA,144,"E",2000,2000-06-26,1.9258,2.4805,21.184
"4",2000-06-27,"Nurse shark","M",98,NA,135,"E",2000,2000-06-26,1.9258,2.4805,21.184
"5",2000-06-27,"Nurse shark","F",116,NA,174,"E",2000,2000-06-26,1.9258,2.4805,21.184
"6",2000-06-27,"N.brevirostris","F",101,NA,130,"G",2000,2000-06-26,1.9258,2.4805,21.184
"7",2000-06-27,"N.brevirostris","M",132,NA,173,"F",2000,2000-06-26,1.9258,2.4805,21.184
"8",2000-06-28,"Caribbean reef shark","M",100,NA,138,"F",2000,2000-06-26,1.9258,2.4805,21.184
"9",2000-06-28,"Caribbean reef shark","F",81,NA,110,"F",2000,2000-06-26,1.9258,2.4805,21.184
"10",2000-06-28,"Caribbean reef shark","F",84,NA,113,"F",2000,2000-06-26,1.9258,2.4805,21.184
"11",2000-06-28,"Caribbean reef shark","M",81,NA,109,"F",2000,2000-06-26,1.9258,2.4805,21.184
"12",2000-06-28,"Caribbean reef shark","M",98,NA,136,"F",2000,2000-06-26,1.9258,2.4805,21.184
"13",2000-06-28,"Southern stingray","F",80,NA,NA,"G",2000,2000-06-26,1.9258,2.4805,21.184
"14",2000-06-28,"Southern stingray","F",84,NA,NA,"G",2000,2000-06-26,1.9258,2.4805,21.184
"15",2000-06-28,"Nurse shark","F",114,NA,161,"E",2000,2000-06-26,1.9258,2.4805,21.184
"16",2000-06-28,"Nurse shark","M",169,NA,231,"E",2000,2000-06-26,1.9258,2.4805,21.184
"17",2000-06-28,"Nurse shark","F",84,NA,121,"E",2000,2000-06-26,1.9258,2.4805,21.184
"18",2000-06-28,"Nurse shark","M",161,NA,212,"E",2000,2000-06-26,1.9258,2.4805,21.184
"19",2000-06-28,"Nurse shark","F",100,NA,145,"E",2000,2000-06-26,1.9258,2.4805,21.184
"20",2000-06-29,"Nurse shark","M",145,NA,208,"E",2000,2000-06-26,1.9258,2.4805,21.184
"21",2000-06-28,"Nurse shark","M",147,NA,210,"E",2000,2000-06-26,1.9258,2.4805,21.184
"22",2000-06-28,"Caribbean sharpnose shark","F",83,NA,104,"E",2000,2000-06-26,1.9258,2.4805,21.184
"23",2000-06-29,"Caribbean reef shark","F",59,NA,81,"P",2000,2000-06-26,1.9258,2.4805,21.184
"24",2000-06-29,"Nurse shark","F",108,NA,147,"E",2000,2000-06-26,1.9258,2.4805,21.184
"25",2000-06-30,"Southern stingray","F",100,NA,NA,"E",2000,2000-06-26,1.9258,2.4805,21.184
"26",2000-06-30,"Nurse shark","F",85,NA,120,"G",2000,2000-06-26,1.9258,2.4805,21.184
"27",2000-06-30,"Nurse shark","M",142,NA,205,"E",2000,2000-06-26,1.9258,2.4805,21.184
"28",2000-06-30,"Nurse shark","F",101,NA,147,"E",2000,2000-06-26,1.9258,2.4805,21.184
"29",2000-06-30,"Nurse shark","F",105,NA,131,"F",2000,2000-06-26,1.9258,2.4805,21.184
"30",2000-06-30,"Nurse shark","F",150,NA,207,"E",2000,2000-06-26,1.9258,2.4805,21.184
"31",2000-06-30,"Nurse shark","M",128,NA,191,"E",2000,2000-06-26,1.9258,2.4805,21.184
"32",2000-06-30,"Nurse shark","M",124,NA,168,"E",2000,2000-06-26,1.9258,2.4805,21.184
"33",2000-06-30,"Nurse shark","F",111,NA,154,"E",2000,2000-06-26,1.9258,2.4805,21.184
"34",2000-06-30,"Nurse shark","M",127,NA,164,"E",2000,2000-06-26,1.9258,2.4805,21.184
"35",2000-06-30,"Nurse shark","F",141,NA,210,"E",2000,2000-06-26,1.9258,2.4805,21.184
"36",2000-06-30,"Nurse shark","F",100,NA,140,"G",2000,2000-06-26,1.9258,2.4805,21.184
"37",2000-06-30,"Nurse shark","F",78,NA,106,"E",2000,2000-06-26,1.9258,2.4805,21.184
"38",2000-07-01,"Caribbean reef shark","F",85,NA,112,"G",2000,2000-06-26,1.9258,2.4805,21.184
"39",2000-07-01,"C.falciformis","F",112,NA,154,"D",2000,2000-06-26,1.9258,2.4805,21.184
"40",2000-07-01,"Caribbean reef shark","F",141,NA,187,"G",2000,2000-06-26,1.9258,2.4805,21.184
"41",2000-07-02,"Nurse shark","M",127,NA,180,"E",2000,2000-06-26,1.9258,2.4805,21.184
"42",2000-07-04,"Caribbean reef shark","F",80,NA,108,"G",2000,2000-06-26,1.9258,2.4805,21.184
"43",2000-07-04,"Nurse shark","M",115,NA,165,"E",2000,2000-06-26,1.9258,2.4805,21.184
"44",2000-07-04,"Caribbean reef shark","M",76,NA,102,"G",2000,2000-06-26,1.9258,2.4805,21.184
"45",2000-07-04,"Caribbean reef shark","M",95,NA,130,"E",2000,2000-06-26,1.9258,2.4805,21.184
"46",2000-07-04,"Nurse shark","M",147,NA,207,"E",2000,2000-06-26,1.9258,2.4805,21.184
"47",2000-07-04,"Nurse shark","M",135,NA,176,"E",2000,2000-06-26,1.9258,2.4805,21.184
"48",2000-07-04,"Nurse shark","M",150,NA,209,"E",2000,2000-06-26,1.9258,2.4805,21.184
"49",2000-07-04,"Nurse shark","F",115,NA,165,"P",2000,2000-06-26,1.9258,2.4805,21.184
"50",2000-07-04,"Nurse shark","F",96,NA,132,"E",2000,2000-06-26,1.9258,2.4805,21.184
"51",2000-07-04,"Nurse shark","M",NA,NA,140,"E",2000,2000-06-26,1.9258,2.4805,21.184
"52",2000-07-04,"Nurse shark","F",126,NA,180,"E",2000,2000-06-26,1.9258,2.4805,21.184
"53",2000-07-06,"Southern stingray","F",110,NA,NA,"G",2000,2000-06-26,1.9258,2.4805,21.184
"54",2000-07-06,"Nurse shark","F",130,NA,183,"E",2000,2000-06-26,1.9258,2.4805,21.184
"55",2000-07-06,"Nurse shark","M",155,NA,215,"E",2000,2000-06-26,1.9258,2.4805,21.184
"56",2000-07-06,"Nurse shark","M",165,NA,231,"E",2000,2000-06-26,1.9258,2.4805,21.184
"57",2000-07-06,"Caribbean sharpnose shark","F",83,NA,106,"E",2000,2000-06-26,1.9258,2.4805,21.184
"58",2001-05-18,"Caribbean reef shark","F",85,98.4,117.4,"G",2001,2001-07-06,1.9675,2.7871,27.5452
"59",2001-05-18,"Nurse shark","M",156,NA,222,"E",2001,2001-07-06,1.9675,2.7871,27.5452
"60",2001-05-18,"Caribbean reef shark","F",77,86,105,"P",2001,2001-07-06,1.9675,2.7871,27.5452
"61",2001-05-18,"Nurse shark","M",87.2,NA,122.8,"G",2001,2001-07-06,1.9675,2.7871,27.5452
"62",2001-05-18,"Caribbean reef shark","M",75,83.4,103,"G",2001,2001-07-06,1.9675,2.7871,27.5452
"63",2001-05-18,"Nurse shark","M",100,NA,152,"E",2001,2001-07-06,1.9675,2.7871,27.5452
"64",2001-05-18,"Nurse shark","F",107.7,NA,167.2,"E",2001,2001-07-06,1.9675,2.7871,27.5452
"65",2001-05-18,"Nurse shark","M",96.2,NA,141,"E",2001,2001-07-06,1.9675,2.7871,27.5452
"66",2001-05-18,"Nurse shark","F",105,NA,156,"E",2001,2001-07-06,1.9675,2.7871,27.5452
"67",2001-05-18,"Nurse shark","M",111,NA,161.8,"E",2001,2001-07-06,1.9675,2.7871,27.5452
"68",2001-05-18,"Nurse shark","M",114,NA,176,"E",2001,2001-07-06,1.9675,2.7871,27.5452
"69",2001-05-18,"Nurse shark","M",98.2,NA,142.8,"E",2001,2001-07-06,1.9675,2.7871,27.5452
"70",2001-05-18,"Nurse shark","M",102,NA,148.2,"E",2001,2001-07-06,1.9675,2.7871,27.5452
"71",2001-05-18,"Nurse shark","M",155.4,NA,225,"E",2001,2001-07-06,1.9675,2.7871,27.5452
"72",2001-05-19,"Nurse shark","F",167,NA,237,"E",2001,2001-07-06,1.9675,2.7871,27.5452
"73",2001-05-19,"Nurse shark","F",94,NA,153,"E",2001,2001-07-06,1.9675,2.7871,27.5452
"74",2001-05-20,"Caribbean reef shark","M",70,79,99.2,"D",2001,2001-07-06,1.9675,2.7871,27.5452
"75",2001-05-20,"Caribbean reef shark","M",87,92.6,117.3,"F",2001,2001-07-06,1.9675,2.7871,27.5452
"76",2001-05-20,"Nurse shark","M",154.2,NA,205.2,"E",2001,2001-07-06,1.9675,2.7871,27.5452
"77",2001-05-21,"C.falciformis","M",109.2,NA,146.6,"E",2001,2001-07-06,1.9675,2.7871,27.5452
"78",2001-05-21,"Caribbean reef shark","F",166.4,181,217,"G",2001,2001-07-06,1.9675,2.7871,27.5452
"79",2001-05-21,"Caribbean reef shark","F",148,164.8,204.4,"E",2001,2001-07-06,1.9675,2.7871,27.5452
"80",2001-05-21,"Caribbean reef shark","F",150,170.2,212,"E",2001,2001-07-06,1.9675,2.7871,27.5452
"81",2001-05-21,"Caribbean reef shark","F",88,97,122,"P",2001,2001-07-06,1.9675,2.7871,27.5452
"82",2001-05-22,"Caribbean reef shark","F",151.8,167,205,"E",2001,2001-07-06,1.9675,2.7871,27.5452
"83",2001-05-23,"C.galapagensis","F",115.2,127,153.2,"F",2001,2001-07-06,1.9675,2.7871,27.5452
"84",2001-05-23,"Caribbean reef shark","F",118.4,130.4,161,"E",2001,2001-07-06,1.9675,2.7871,27.5452
"85",2001-05-23,"Caribbean reef shark","M",71.2,79,97.4,"E",2001,2001-07-06,1.9675,2.7871,27.5452
"86",2001-05-23,"Caribbean reef shark","M",85.8,95.4,118.4,"E",2001,2001-07-06,1.9675,2.7871,27.5452
"87",2001-05-24,"Caribbean reef shark","M",125.2,NA,163.2,"E",2001,2001-07-06,1.9675,2.7871,27.5452
"88",2001-05-24,"Caribbean reef shark","M",129.4,143.8,177,"E",2001,2001-07-06,1.9675,2.7871,27.5452
"89",2001-05-24,"Caribbean reef shark","M",140,157.6,187.4,"E",2001,2001-07-06,1.9675,2.7871,27.5452
"90",2001-05-24,"Caribbean reef shark","F",100.6,112,138,"D",2001,2001-07-06,1.9675,2.7871,27.5452
"91",2001-05-25,"Nurse shark","M",151.4,NA,219.6,"E",2001,2001-07-06,1.9675,2.7871,27.5452
"92",2001-05-25,"Nurse shark","F",101,NA,145,"E",2001,2001-07-06,1.9675,2.7871,27.5452
"93",2001-05-25,"Nurse shark","M",123,NA,174.2,"E",2001,2001-07-06,1.9675,2.7871,27.5452
"94",2001-05-25,"Nurse shark","M",149.8,NA,221,"E",2001,2001-07-06,1.9675,2.7871,27.5452
"95",2001-05-25,"Nurse shark","F",147.2,NA,220.6,"E",2001,2001-07-06,1.9675,2.7871,27.5452
"96",2001-05-25,"Nurse shark","M",124.8,NA,180.4,"E",2001,2001-07-06,1.9675,2.7871,27.5452
"97",2001-05-25,"Caribbean reef shark","M",88,100.4,123.2,"D",2001,2001-07-06,1.9675,2.7871,27.5452
"98",2001-05-25,"Caribbean reef shark","F",72.9,82.2,104.7,"E",2001,2001-07-06,1.9675,2.7871,27.5452
"99",2001-05-25,"Caribbean sharpnose shark","F",75,81.8,98.8,"D",2001,2001-07-06,1.9675,2.7871,27.5452
"100",2001-05-25,"Caribbean sharpnose shark","F",64,70.4,84,"D",2001,2001-07-06,1.9675,2.7871,27.5452
"101",2001-05-26,"Nurse shark","F",110.4,NA,156.2,"E",2001,2001-07-06,1.9675,2.7871,27.5452
"102",2001-05-26,"Nurse shark","M",98.8,NA,141.8,"E",2001,2001-07-06,1.9675,2.7871,27.5452
"103",2001-05-26,"Nurse shark","F",102.2,NA,156,"E",2001,2001-07-06,1.9675,2.7871,27.5452
"104",2001-05-26,"Nurse shark","M",113,NA,166,"E",2001,2001-07-06,1.9675,2.7871,27.5452
"105",2001-05-26,"Nurse shark","F",110.8,NA,163,"E",2001,2001-07-06,1.9675,2.7871,27.5452
"106",2001-05-26,"Nurse shark","F",121,NA,167,"E",2001,2001-07-06,1.9675,2.7871,27.5452
"107",2001-05-26,"Nurse shark","F",147.2,NA,210,"E",2001,2001-07-06,1.9675,2.7871,27.5452
"108",2001-05-28,"Nurse shark","M",129,NA,186.4,"E",2001,2001-07-06,1.9675,2.7871,27.5452
"109",2001-05-28,"Nurse shark","F",137.2,NA,195.2,"E",2001,2001-07-06,1.9675,2.7871,27.5452
"110",2001-05-28,"Nurse shark","F",162.2,NA,222.6,"E",2001,2001-07-06,1.9675,2.7871,27.5452
"111",2001-05-28,"Nurse shark","M",91.4,NA,133.2,"E",2001,2001-07-06,1.9675,2.7871,27.5452
"112",2001-05-28,"Nurse shark","F",123.8,NA,182,"E",2001,2001-07-06,1.9675,2.7871,27.5452
"113",2001-05-29,"Nurse shark","M",104,NA,149,"E",2001,2001-07-06,1.9675,2.7871,27.5452
"114",2001-05-29,"Nurse shark","F",170.7,NA,236,"E",2001,2001-07-06,1.9675,2.7871,27.5452
"115",2001-05-29,"Nurse shark","M",125.6,NA,188.2,"E",2001,2001-07-06,1.9675,2.7871,27.5452
"116",2001-05-29,"Caribbean reef shark","M",97.8,103.6,131,"E",2001,2001-07-06,1.9675,2.7871,27.5452
"117",2001-05-29,"Nurse shark","M",113,NA,162.2,"E",2001,2001-07-06,1.9675,2.7871,27.5452
"169",2003-05-17,"Nurse shark","F",109,NA,155,"E",2003,2003-02-15,1.4995,1.7105,10.4964
"170",2003-05-17,"Nurse shark","M",94,NA,134,"E",2003,2003-02-15,1.4995,1.7105,10.4964
"171",2003-05-17,"Nurse shark","F",102,NA,146,"E",2003,2003-02-15,1.4995,1.7105,10.4964
"172",2003-05-17,"Nurse shark","M",153,NA,221,"E",2003,2003-02-15,1.4995,1.7105,10.4964
"173",2003-05-17,"Nurse shark","F",126,NA,182,"E",2003,2003-02-15,1.4995,1.7105,10.4964
"174",2003-05-17,"Nurse shark","F",110,NA,161,"E",2003,2003-02-15,1.4995,1.7105,10.4964
"175",2003-05-17,"N.brevirostris","F",200,222,258,"E",2003,2003-02-15,1.4995,1.7105,10.4964
"176",2003-05-18,"Caribbean reef shark","F",75,82,102,"E",2003,2003-02-15,1.4995,1.7105,10.4964
"177",2003-05-18,"Caribbean sharpnose shark","F",70,76,89,"E",2003,2003-02-15,1.4995,1.7105,10.4964
"178",2003-05-18,"Caribbean reef shark","F",106,125,155,"E",2003,2003-02-15,1.4995,1.7105,10.4964
"179",2003-05-19,"Caribbean reef shark","F",110,122,153,"E",2003,2003-02-15,1.4995,1.7105,10.4964
"180",2003-05-19,"Caribbean reef shark","M",98,107,134,"E",2003,2003-02-15,1.4995,1.7105,10.4964
"181",2003-05-19,"Caribbean reef shark","M",71.4,81,99.8,"E",2003,2003-02-15,1.4995,1.7105,10.4964
"182",2003-05-19,"Caribbean reef shark","F",NA,NA,230,"E",2003,2003-02-15,1.4995,1.7105,10.4964
"183",2003-05-19,"Nurse shark","M",165,NA,235,"E",2003,2003-02-15,1.4995,1.7105,10.4964
"184",2003-05-19,"Caribbean reef shark","M",84,93,115,"E",2003,2003-02-15,1.4995,1.7105,10.4964
"185",2003-05-19,"Nurse shark","M",107,NA,157,"E",2003,2003-02-15,1.4995,1.7105,10.4964
"186",2003-05-19,"Nurse shark","M",150,NA,210,"E",2003,2003-02-15,1.4995,1.7105,10.4964
"187",2003-05-21,"Caribbean reef shark","F",92,107,125,"E",2003,2003-02-15,1.4995,1.7105,10.4964
"188",2003-05-21,"Caribbean reef shark","M",103,115,141,"E",2003,2003-02-15,1.4995,1.7105,10.4964
"189",2003-05-21,"Caribbean reef shark","F",100,109,133,"G",2003,2003-02-15,1.4995,1.7105,10.4964
"190",2003-05-21,"Caribbean reef shark","F",106,119,145,"E",2003,2003-02-15,1.4995,1.7105,10.4964
"191",2003-05-21,"Caribbean reef shark","F",92,103,126,"G",2003,2003-02-15,1.4995,1.7105,10.4964
"192",2003-05-21,"Caribbean reef shark","M",103,113,143,"G",2003,2003-02-15,1.4995,1.7105,10.4964
"193",2003-05-21,"Caribbean reef shark","F",114,127,160,"G",2003,2003-02-15,1.4995,1.7105,10.4964
"194",2003-05-21,"Caribbean reef shark","F",110,125,151,"E",2003,2003-02-15,1.4995,1.7105,10.4964
"195",2003-05-21,"Caribbean reef shark","F",NA,NA,201,"G",2003,2003-02-15,1.4995,1.7105,10.4964
"196",2003-05-22,"Caribbean reef shark","F",83.2,93,115,"G",2003,2003-02-15,1.4995,1.7105,10.4964
"197",2003-05-22,"Caribbean reef shark","M",102,111,141,"E",2003,2003-02-15,1.4995,1.7105,10.4964
"198",2003-05-22,"Caribbean reef shark","F",105,113,143,"E",2003,2003-02-15,1.4995,1.7105,10.4964
"199",2003-05-22,"Caribbean reef shark","M",110,122,153,"E",2003,2003-02-15,1.4995,1.7105,10.4964
"200",2003-05-22,"Caribbean reef shark","M",75,82,96.4,"P",2003,2003-02-15,1.4995,1.7105,10.4964
"201",2003-05-22,"Caribbean reef shark","M",130,141,170,"E",2003,2003-02-15,1.4995,1.7105,10.4964
"202",2003-05-23,"Caribbean reef shark","F",95,104,131,"E",2003,2003-02-15,1.4995,1.7105,10.4964
"203",2003-05-23,"Nurse shark","M",100,NA,152,"E",2003,2003-02-15,1.4995,1.7105,10.4964
"204",2003-05-23,"Nurse shark","M",115,NA,169,"E",2003,2003-02-15,1.4995,1.7105,10.4964
"205",2003-05-25,"Nurse shark","F",123,NA,170,"E",2003,2003-02-15,1.4995,1.7105,10.4964
"206",2003-05-25,"Caribbean reef shark","M",156,170,193,"E",2003,2003-02-15,1.4995,1.7105,10.4964
"207",2003-05-25,"Nurse shark","F",125,NA,170,"E",2003,2003-02-15,1.4995,1.7105,10.4964
"208",2003-05-25,"Nurse shark","M",130,NA,181,"E",2003,2003-02-15,1.4995,1.7105,10.4964
"209",2003-05-25,"Nurse shark","M",131,NA,187,"E",2003,2003-02-15,1.4995,1.7105,10.4964
"210",2003-05-25,"Nurse shark","F",152,NA,221,"E",2003,2003-02-15,1.4995,1.7105,10.4964
"211",2003-05-25,"Nurse shark","F",160,NA,240,"E",2003,2003-02-15,1.4995,1.7105,10.4964
"212",2003-05-26,"Caribbean reef shark","M",66,81,94,"E",2003,2003-02-15,1.4995,1.7105,10.4964
"213",2003-05-26,"Caribbean reef shark","F",157,174,209,"D",2003,2003-02-15,1.4995,1.7105,10.4964
"214",2003-05-26,"Caribbean reef shark","M",64,72,85,"D",2003,2003-02-15,1.4995,1.7105,10.4964
"215",2003-05-26,"Caribbean reef shark","F",100,109,135,"E",2003,2003-02-15,1.4995,1.7105,10.4964
"216",2003-05-26,"Nurse shark","F",149.5,NA,212,"E",2003,2003-02-15,1.4995,1.7105,10.4964
"217",2003-05-26,"Nurse shark","F",99,NA,170,"E",2003,2003-02-15,1.4995,1.7105,10.4964
"218",2003-05-26,"Nurse shark","F",100,NA,140,"E",2003,2003-02-15,1.4995,1.7105,10.4964
"219",2003-05-26,"Nurse shark","M",160,NA,224,"E",2003,2003-02-15,1.4995,1.7105,10.4964
"220",2003-05-26,"Nurse shark","F",130,NA,183,"E",2003,2003-02-15,1.4995,1.7105,10.4964
"221",2003-05-27,"Caribbean reef shark","M",63.3,71.3,88.1,"G",2003,2003-02-15,1.4995,1.7105,10.4964
"222",2003-05-27,"Caribbean reef shark","F",84.6,98,117,"G",2003,2003-02-15,1.4995,1.7105,10.4964
"223",2003-05-27,"Caribbean reef shark","M",66.3,74,93,"G",2003,2003-02-15,1.4995,1.7105,10.4964
"224",2003-05-27,"Nurse shark","M",118,NA,177.5,"E",2003,2003-02-15,1.4995,1.7105,10.4964
"225",2003-05-27,"Nurse shark","M",94,NA,136,"E",2003,2003-02-15,1.4995,1.7105,10.4964
"226",2003-05-27,"Nurse shark","M",153,NA,217,"E",2003,2003-02-15,1.4995,1.7105,10.4964
"227",2003-05-27,"Nurse shark","M",111,NA,158,"E",2003,2003-02-15,1.4995,1.7105,10.4964
"228",2003-05-28,"Caribbean reef shark","M",107,117,148,"E",2003,2003-02-15,1.4995,1.7105,10.4964
"229",2003-05-28,"Caribbean reef shark","F",85,99,120,"E",2003,2003-02-15,1.4995,1.7105,10.4964
"230",2003-05-28,"Caribbean reef shark","M",NA,NA,190.2,"G",2003,2003-02-15,1.4995,1.7105,10.4964
"231",2003-05-25,"Caribbean reef shark","F",71,79,98,"E",2003,2003-02-15,1.4995,1.7105,10.4964
"232",2004-05-01,"Caribbean reef shark","F",73.2,83,103,"G",2004,2004-05-18,1.3746,1.8027,6.873
"233",2004-05-01,"Nurse shark","F",99,NA,145,"E",2004,2004-05-18,1.3746,1.8027,6.873
"234",2004-05-01,"Nurse shark","F",94,NA,136,"E",2004,2004-05-18,1.3746,1.8027,6.873
"235",2004-05-02,"Caribbean reef shark","M",141,160,197,"E",2004,2004-05-18,1.3746,1.8027,6.873
"236",2004-05-02,"Nurse shark","F",114,NA,165,"E",2004,2004-05-18,1.3746,1.8027,6.873
"237",2004-05-02,"Nurse shark","F",142,NA,208,"E",2004,2004-05-18,1.3746,1.8027,6.873
"238",2004-05-02,"Nurse shark","F",106,NA,155,"E",2004,2004-05-18,1.3746,1.8027,6.873
"239",2004-05-02,"Nurse shark","M",89,NA,128,"E",2004,2004-05-18,1.3746,1.8027,6.873
"240",2004-05-02,"Nurse shark","F",101,NA,144,"E",2004,2004-05-18,1.3746,1.8027,6.873
"241",2004-05-02,"Nurse shark","F",168,NA,238,"E",2004,2004-05-18,1.3746,1.8027,6.873
"242",2004-05-02,"Nurse shark","F",106,NA,153,"E",2004,2004-05-18,1.3746,1.8027,6.873
"243",2004-05-02,"Nurse shark","F",104,NA,141,"E",2004,2004-05-18,1.3746,1.8027,6.873
"244",2004-05-02,"Nurse shark","F",116,NA,164,"E",2004,2004-05-18,1.3746,1.8027,6.873
"245",2004-05-02,"Nurse shark","M",87,NA,137,"E",2004,2004-05-18,1.3746,1.8027,6.873
"246",2004-05-02,"Nurse shark","M",99,NA,140,"E",2004,2004-05-18,1.3746,1.8027,6.873
"247",2004-05-02,"Nurse shark","M",120,NA,182,"E",2004,2004-05-18,1.3746,1.8027,6.873
"248",2004-05-02,"Nurse shark","F",113,NA,171,"E",2004,2004-05-18,1.3746,1.8027,6.873
"249",2004-05-02,"Nurse shark","F",116,NA,168,"E",2004,2004-05-18,1.3746,1.8027,6.873
"250",2004-05-03,"Caribbean reef shark","M",68,74,94,"P",2004,2004-05-18,1.3746,1.8027,6.873
"251",2004-05-03,"Caribbean reef shark","M",71,80,100,"G",2004,2004-05-18,1.3746,1.8027,6.873
"252",2004-05-03,"Caribbean reef shark","M",63,72,88,"E",2004,2004-05-18,1.3746,1.8027,6.873
"253",2004-05-03,"Caribbean reef shark","F",74,76,91,"E",2004,2004-05-18,1.3746,1.8027,6.873
"254",2004-05-03,"Caribbean reef shark","F",72,80,98,"E",2004,2004-05-18,1.3746,1.8027,6.873
"255",2004-05-03,"Caribbean reef shark","F",68,75,93,"E",2004,2004-05-18,1.3746,1.8027,6.873
"256",2004-05-03,"Caribbean reef shark","M",67,74,92,"P",2004,2004-05-18,1.3746,1.8027,6.873
"257",2004-05-03,"Nurse shark","M",113,NA,169,"E",2004,2004-05-18,1.3746,1.8027,6.873
"258",2004-05-04,"Caribbean reef shark","M",137,154,188,"E",2004,2004-05-18,1.3746,1.8027,6.873
"259",2004-05-04,"Caribbean reef shark","M",70,78,96,"D",2004,2004-05-18,1.3746,1.8027,6.873
"260",2004-05-04,"Nurse shark","M",88,NA,137,"E",2004,2004-05-18,1.3746,1.8027,6.873
"261",2004-05-05,"Caribbean reef shark","F",160,179,215,"E",2004,2004-05-18,1.3746,1.8027,6.873
"262",2004-05-05,"Nurse shark","M",138,NA,200,"E",2004,2004-05-18,1.3746,1.8027,6.873
"263",2004-05-05,"Caribbean reef shark","M",85,96,117,"E",2004,2004-05-18,1.3746,1.8027,6.873
"264",2004-05-05,"Caribbean reef shark","F",96,108,134,"E",2004,2004-05-18,1.3746,1.8027,6.873
"265",2004-05-05,"Nurse shark","M",105,NA,157,"E",2004,2004-05-18,1.3746,1.8027,6.873
"266",2004-05-05,"Nurse shark","M",135,NA,197,"E",2004,2004-05-18,1.3746,1.8027,6.873
"267",2004-05-05,"Nurse shark","F",118,NA,169,"E",2004,2004-05-18,1.3746,1.8027,6.873
"268",2004-05-05,"Nurse shark","M",102,NA,147,"E",2004,2004-05-18,1.3746,1.8027,6.873
"269",2004-05-06,"Nurse shark","M",106,NA,152,"E",2004,2004-05-18,1.3746,1.8027,6.873
"270",2004-05-06,"Nurse shark","F",109,NA,158,"E",2004,2004-05-18,1.3746,1.8027,6.873
"271",2004-05-07,"Nurse shark","M",104,NA,155,"E",2004,2004-05-18,1.3746,1.8027,6.873
"272",2004-05-08,"Nurse shark","F",114,NA,164,"G",2004,2004-05-18,1.3746,1.8027,6.873
"273",2004-05-08,"Caribbean reef shark","M",73,83,101,"D",2004,2004-05-18,1.3746,1.8027,6.873
"274",2004-05-08,"Nurse shark","F",81,NA,111,"E",2004,2004-05-18,1.3746,1.8027,6.873
"275",2004-05-10,"Nurse shark","F",107,NA,145,"E",2004,2004-05-18,1.3746,1.8027,6.873
"276",2004-05-10,"Nurse shark","M",107,NA,165,"E",2004,2004-05-18,1.3746,1.8027,6.873
"277",2004-05-10,"Nurse shark","F",132,NA,185,"E",2004,2004-05-18,1.3746,1.8027,6.873
"278",2004-05-11,"Nurse shark","F",117,NA,164,"E",2004,2004-05-18,1.3746,1.8027,6.873
"279",2004-05-11,"Nurse shark","M",130,NA,183,"E",2004,2004-05-18,1.3746,1.8027,6.873
"280",2004-05-11,"Nurse shark","M",160,NA,231,"E",2004,2004-05-18,1.3746,1.8027,6.873
"281",2005-05-22,"Caribbean reef shark","F",161,174,217,"F",2005,2005-06-02,1.2503,1.5054,6.2514
"282",2005-05-22,"Caribbean reef shark","M",123,136,167,"E",2005,2005-06-02,1.2503,1.5054,6.2514
"283",2005-05-22,"Caribbean reef shark","F",86,97,120,"E",2005,2005-06-02,1.2503,1.5054,6.2514
"284",2005-05-22,"Nurse shark","F",119,NA,172,"E",2005,2005-06-02,1.2503,1.5054,6.2514
"285",2005-05-22,"Nurse shark","F",110,NA,155,"E",2005,2005-06-02,1.2503,1.5054,6.2514
"286",2005-05-22,"Nurse shark","F",120,NA,174,"E",2005,2005-06-02,1.2503,1.5054,6.2514
"287",2005-05-22,"Nurse shark","M",122,NA,173,"E",2005,2005-06-02,1.2503,1.5054,6.2514
"288",2005-05-22,"Nurse shark","F",112,NA,170,"E",2005,2005-06-02,1.2503,1.5054,6.2514
"289",2005-05-22,"R. porosus","F",69,76,91,"D",2005,2005-06-02,1.2503,1.5054,6.2514
"290",2005-05-23,"Nurse shark","M",95,NA,140,"E",2005,2005-06-02,1.2503,1.5054,6.2514
"291",2005-05-23,"Nurse shark","M",107,NA,170,"E",2005,2005-06-02,1.2503,1.5054,6.2514
"292",2005-05-23,"Nurse shark","M",117,NA,182,"E",2005,2005-06-02,1.2503,1.5054,6.2514
"293",2005-05-23,"Caribbean reef shark","M",74,81,101,"E",2005,2005-06-02,1.2503,1.5054,6.2514
"294",2005-05-23,"Caribbean reef shark","M",72,80,102,"G",2005,2005-06-02,1.2503,1.5054,6.2514
"295",2005-05-23,"R. porosus","F",76,83,98,"G",2005,2005-06-02,1.2503,1.5054,6.2514
"296",2005-05-23,"Caribbean reef shark","M",74,78.5,96,"F",2005,2005-06-02,1.2503,1.5054,6.2514
"297",2005-05-23,"Caribbean reef shark","M",94,104,127,"G",2005,2005-06-02,1.2503,1.5054,6.2514
"298",2005-05-23,"Nurse shark","F",110,NA,172,"E",2005,2005-06-02,1.2503,1.5054,6.2514
"299",2005-05-23,"Nurse shark","M",119,NA,176,"E",2005,2005-06-02,1.2503,1.5054,6.2514
"300",2005-05-23,"Nurse shark","F",110,NA,164,"E",2005,2005-06-02,1.2503,1.5054,6.2514
"301",2005-05-24,"Nurse shark","F",120,NA,170,"E",2005,2005-06-02,1.2503,1.5054,6.2514
"302",2005-05-24,"Nurse shark","F",110,NA,162,"E",2005,2005-06-02,1.2503,1.5054,6.2514
"303",2005-05-24,"Nurse shark","F",123,NA,177,"E",2005,2005-06-02,1.2503,1.5054,6.2514
"304",2005-05-24,"Nurse shark","M",108,NA,147,"E",2005,2005-06-02,1.2503,1.5054,6.2514
"305",2005-05-24,"Nurse shark","F",115,NA,172,"E",2005,2005-06-02,1.2503,1.5054,6.2514
"306",2005-05-24,"Caribbean reef shark","F",68,76,95,"E",2005,2005-06-02,1.2503,1.5054,6.2514
"307",2005-05-24,"Caribbean reef shark","F",89,102,124,"E",2005,2005-06-02,1.2503,1.5054,6.2514
"308",2005-05-24,"Caribbean reef shark","F",105,114,142,"E",2005,2005-06-02,1.2503,1.5054,6.2514
"309",2005-05-24,"Caribbean reef shark","M",71,80,100,"E",2005,2005-06-02,1.2503,1.5054,6.2514
"310",2005-05-24,"Caribbean reef shark","M",92,101,122,"E",2005,2005-06-02,1.2503,1.5054,6.2514
"311",2005-05-24,"Caribbean reef shark","F",69,77,96,"D",2005,2005-06-02,1.2503,1.5054,6.2514
"312",2005-05-24,"Nurse shark","M",129,NA,187,"E",2005,2005-06-02,1.2503,1.5054,6.2514
"313",2005-05-24,"Nurse shark","M",96,NA,155,"E",2005,2005-06-02,1.2503,1.5054,6.2514
"314",2005-05-24,"Nurse shark","M",166,NA,237,"E",2005,2005-06-02,1.2503,1.5054,6.2514
"315",2005-05-25,"Caribbean reef shark","F",59,66,80,"G",2005,2005-06-02,1.2503,1.5054,6.2514
"316",2005-05-25,"Caribbean reef shark","M",62,68,85,"G",2005,2005-06-02,1.2503,1.5054,6.2514
"317",2005-05-25,"Nurse shark","F",94,NA,126,"E",2005,2005-06-02,1.2503,1.5054,6.2514
"318",2005-05-25,"Nurse shark","F",108,NA,144,"E",2005,2005-06-02,1.2503,1.5054,6.2514
"319",2005-05-25,"Nurse shark","F",89,NA,131,"E",2005,2005-06-02,1.2503,1.5054,6.2514
"320",2005-05-25,"Nurse shark","M",94,NA,137,"E",2005,2005-06-02,1.2503,1.5054,6.2514
"321",2005-05-25,"Nurse shark","F",112,NA,165,"E",2005,2005-06-02,1.2503,1.5054,6.2514
"322",2005-05-25,"Caribbean reef shark","M",69,76,99,"E",2005,2005-06-02,1.2503,1.5054,6.2514
"323",2005-05-26,"Nurse shark","F",100,NA,152.5,"E",2005,2005-06-02,1.2503,1.5054,6.2514
"324",2005-05-26,"Nurse shark","F",83,NA,120,"E",2005,2005-06-02,1.2503,1.5054,6.2514
"325",2005-05-26,"Nurse shark","M",159,NA,222,"E",2005,2005-06-02,1.2503,1.5054,6.2514
"326",2005-05-26,"Nurse shark","M",133,NA,177,"E",2005,2005-06-02,1.2503,1.5054,6.2514
"327",2005-05-26,"Nurse shark","M",128,NA,181,"E",2005,2005-06-02,1.2503,1.5054,6.2514
"328",2005-05-28,"Nurse shark","F",172,NA,240,"E",2005,2005-06-02,1.2503,1.5054,6.2514
"329",2005-05-28,"Nurse shark","M",123,NA,176,"E",2005,2005-06-02,1.2503,1.5054,6.2514
"330",2005-05-28,"Nurse shark","F",109,NA,159,"E",2005,2005-06-02,1.2503,1.5054,6.2514
"331",2005-05-28,"Nurse shark","M",109,NA,154,"E",2005,2005-06-02,1.2503,1.5054,6.2514
"332",2005-05-28,"Nurse shark","F",95.5,NA,147,"E",2005,2005-06-02,1.2503,1.5054,6.2514
"333",2005-05-28,"Nurse shark","F",116,NA,190,"E",2005,2005-06-02,1.2503,1.5054,6.2514
"334",2005-05-28,"Nurse shark","F",101,NA,145,"E",2005,2005-06-02,1.2503,1.5054,6.2514
"335",2005-05-28,"Nurse shark","F",170,NA,178,"E",2005,2005-06-02,1.2503,1.5054,6.2514
"336",2005-05-28,"Nurse shark","F",132,NA,195,"E",2005,2005-06-02,1.2503,1.5054,6.2514
"337",2005-05-28,"Nurse shark","M",104,NA,152,"E",2005,2005-06-02,1.2503,1.5054,6.2514
"338",2005-05-28,"Nurse shark","F",140,NA,217.5,"E",2005,2005-06-02,1.2503,1.5054,6.2514
"339",2005-05-28,"N. brevirostris","F",136,148,177,"E",2005,2005-06-02,1.2503,1.5054,6.2514
"340",2005-05-28,"Caribbean reef shark","M",84,93,110,"E",2005,2005-06-02,1.2503,1.5054,6.2514
"341",2005-05-28,"Nurse shark","F",109,NA,185,"E",2005,2005-06-02,1.2503,1.5054,6.2514
"342",2005-05-28,"Nurse shark","M",98,NA,142,"E",2005,2005-06-02,1.2503,1.5054,6.2514
"343",2005-05-28,"Nurse shark","F",132,NA,182.5,"E",2005,2005-06-02,1.2503,1.5054,6.2514
"344",2005-05-29,"Nurse shark","M",136,NA,198,"E",2005,2005-06-02,1.2503,1.5054,6.2514
"345",2005-05-29,"Nurse shark","M",96,NA,141,"E",2005,2005-06-02,1.2503,1.5054,6.2514
"346",2005-05-29,"R. porosus","F",62,69,83.2,"G",2005,2005-06-02,1.2503,1.5054,6.2514
"347",2005-05-30,"Nurse shark","M",120,NA,179,"E",2005,2005-06-02,1.2503,1.5054,6.2514
"348",2005-05-30,"Nurse shark","F",110,NA,161,"E",2005,2005-06-02,1.2503,1.5054,6.2514
"349",2005-05-30,"Nurse shark","F",136,NA,194,"E",2005,2005-06-02,1.2503,1.5054,6.2514
"350",2005-05-30,"Nurse shark","F",106,NA,159,"E",2005,2005-06-02,1.2503,1.5054,6.2514
"351",2005-05-30,"Caribbean reef shark","F",73,80,100,"E",2005,2005-06-02,1.2503,1.5054,6.2514
"352",2005-05-30,"Nurse shark","M",156,NA,228,"E",2005,2005-06-02,1.2503,1.5054,6.2514
"353",2005-05-30,"Caribbean reef shark","F",68,75,93,"E",2005,2005-06-02,1.2503,1.5054,6.2514
"354",2005-05-30,"Caribbean reef shark","F",71,80,96,"E",2005,2005-06-02,1.2503,1.5054,6.2514
"355",2005-05-30,"Caribbean reef shark","M",74,79,98,"G",2005,2005-06-02,1.2503,1.5054,6.2514
"356",2005-05-30,"Caribbean reef shark","F",78,86,110,"G",2005,2005-06-02,1.2503,1.5054,6.2514
"357",2005-06-01,"Nurse shark","F",125,NA,177,"E",2005,2005-06-02,1.2503,1.5054,6.2514
"358",2005-10-02,"Caribbean reef shark","F",111,131,150,"G",2005,2005-06-02,1.2503,1.5054,6.2514
"359",2005-10-03,"G. cuvier","M",199,220,253,"E",2005,2005-06-02,1.2503,1.5054,6.2514
"360",2005-10-03,"Caribbean reef shark","F",92,103,122,"D",2005,2005-06-02,1.2503,1.5054,6.2514
"361",2006-04-28,"N. brevirostris","F",136,148,174,"G",2006,2006-07-29,2.3302,3.1856,58.2545
"362",2006-04-28,"N. brevirostris","F",136,148,174,"G",2006,2006-09-06,2.6353,2.775,21.0824
"363",2006-04-28,"N. brevirostris","F",136,148,174,"G",2006,2006-12-27,1.7516,2.0972,8.7578
"364",2006-04-29,"Nurse shark","F",110,NA,160,"E",2006,2006-07-29,2.3302,3.1856,58.2545
"365",2006-04-29,"Nurse shark","F",110,NA,160,"E",2006,2006-09-06,2.6353,2.775,21.0824
"366",2006-04-29,"Nurse shark","F",110,NA,160,"E",2006,2006-12-27,1.7516,2.0972,8.7578
"367",2006-04-29,"Nurse shark","M",110,NA,159,"E",2006,2006-07-29,2.3302,3.1856,58.2545
"368",2006-04-29,"Nurse shark","M",110,NA,159,"E",2006,2006-09-06,2.6353,2.775,21.0824
"369",2006-04-29,"Nurse shark","M",110,NA,159,"E",2006,2006-12-27,1.7516,2.0972,8.7578
"370",2006-04-29,"Caribbean reef shark","F",71,79,95,"E",2006,2006-07-29,2.3302,3.1856,58.2545
"371",2006-04-29,"Caribbean reef shark","F",71,79,95,"E",2006,2006-09-06,2.6353,2.775,21.0824
"372",2006-04-29,"Caribbean reef shark","F",71,79,95,"E",2006,2006-12-27,1.7516,2.0972,8.7578
"373",2006-04-29,"Nurse shark","F",120,NA,169,"E",2006,2006-07-29,2.3302,3.1856,58.2545
"374",2006-04-29,"Nurse shark","F",120,NA,169,"E",2006,2006-09-06,2.6353,2.775,21.0824
"375",2006-04-29,"Nurse shark","F",120,NA,169,"E",2006,2006-12-27,1.7516,2.0972,8.7578
"376",2006-04-29,"Nurse shark","F",75,NA,105,"E",2006,2006-07-29,2.3302,3.1856,58.2545
"377",2006-04-29,"Nurse shark","F",75,NA,105,"E",2006,2006-09-06,2.6353,2.775,21.0824
"378",2006-04-29,"Nurse shark","F",75,NA,105,"E",2006,2006-12-27,1.7516,2.0972,8.7578
"379",2006-04-29,"Nurse shark","F",148,NA,206,"E",2006,2006-07-29,2.3302,3.1856,58.2545
"380",2006-04-29,"Nurse shark","F",148,NA,206,"E",2006,2006-09-06,2.6353,2.775,21.0824
"381",2006-04-29,"Nurse shark","F",148,NA,206,"E",2006,2006-12-27,1.7516,2.0972,8.7578
"382",2006-04-29,"Nurse shark","F",92,NA,113,"E",2006,2006-07-29,2.3302,3.1856,58.2545
"383",2006-04-29,"Nurse shark","F",92,NA,113,"E",2006,2006-09-06,2.6353,2.775,21.0824
"384",2006-04-29,"Nurse shark","F",92,NA,113,"E",2006,2006-12-27,1.7516,2.0972,8.7578
"385",2006-04-29,"Nurse shark","F",115,NA,165,"E",2006,2006-07-29,2.3302,3.1856,58.2545
"386",2006-04-29,"Nurse shark","F",115,NA,165,"E",2006,2006-09-06,2.6353,2.775,21.0824
"387",2006-04-29,"Nurse shark","F",115,NA,165,"E",2006,2006-12-27,1.7516,2.0972,8.7578
"388",2006-04-29,"Nurse shark","F",143,NA,215,"E",2006,2006-07-29,2.3302,3.1856,58.2545
"389",2006-04-29,"Nurse shark","F",143,NA,215,"E",2006,2006-09-06,2.6353,2.775,21.0824
"390",2006-04-29,"Nurse shark","F",143,NA,215,"E",2006,2006-12-27,1.7516,2.0972,8.7578
"391",2006-04-30,"Nurse shark","M",63,NA,88,"E",2006,2006-07-29,2.3302,3.1856,58.2545
"392",2006-04-30,"Nurse shark","M",63,NA,88,"E",2006,2006-09-06,2.6353,2.775,21.0824
"393",2006-04-30,"Nurse shark","M",63,NA,88,"E",2006,2006-12-27,1.7516,2.0972,8.7578
"394",2006-04-30,"Nurse shark","F",167,NA,234,"E",2006,2006-07-29,2.3302,3.1856,58.2545
"395",2006-04-30,"Nurse shark","F",167,NA,234,"E",2006,2006-09-06,2.6353,2.775,21.0824
"396",2006-04-30,"Nurse shark","F",167,NA,234,"E",2006,2006-12-27,1.7516,2.0972,8.7578
"397",2006-04-30,"Nurse shark","F",125,NA,175,"E",2006,2006-07-29,2.3302,3.1856,58.2545
"398",2006-04-30,"Nurse shark","F",125,NA,175,"E",2006,2006-09-06,2.6353,2.775,21.0824
"399",2006-04-30,"Nurse shark","F",125,NA,175,"E",2006,2006-12-27,1.7516,2.0972,8.7578
"400",2006-04-30,"Caribbean reef shark","M",98,110,135,"G",2006,2006-07-29,2.3302,3.1856,58.2545
"401",2006-04-30,"Caribbean reef shark","M",98,110,135,"G",2006,2006-09-06,2.6353,2.775,21.0824
"402",2006-04-30,"Caribbean reef shark","M",98,110,135,"G",2006,2006-12-27,1.7516,2.0972,8.7578
"403",2006-04-30,"Caribbean reef shark","M",73,81,100,"G",2006,2006-07-29,2.3302,3.1856,58.2545
"404",2006-04-30,"Caribbean reef shark","M",73,81,100,"G",2006,2006-09-06,2.6353,2.775,21.0824
"405",2006-04-30,"Caribbean reef shark","M",73,81,100,"G",2006,2006-12-27,1.7516,2.0972,8.7578
"406",2006-04-30,"Nurse shark","F",160,NA,225,"E",2006,2006-07-29,2.3302,3.1856,58.2545
"407",2006-04-30,"Nurse shark","F",160,NA,225,"E",2006,2006-09-06,2.6353,2.775,21.0824
"408",2006-04-30,"Nurse shark","F",160,NA,225,"E",2006,2006-12-27,1.7516,2.0972,8.7578
"409",2006-05-01,"Nurse shark","M",95,NA,134,"E",2006,2006-07-29,2.3302,3.1856,58.2545
"410",2006-05-01,"Nurse shark","M",95,NA,134,"E",2006,2006-09-06,2.6353,2.775,21.0824
"411",2006-05-01,"Nurse shark","M",95,NA,134,"E",2006,2006-12-27,1.7516,2.0972,8.7578
"412",2006-05-01,"Nurse shark","M",113,NA,157,"E",2006,2006-07-29,2.3302,3.1856,58.2545
"413",2006-05-01,"Nurse shark","M",113,NA,157,"E",2006,2006-09-06,2.6353,2.775,21.0824
"414",2006-05-01,"Nurse shark","M",113,NA,157,"E",2006,2006-12-27,1.7516,2.0972,8.7578
"415",2006-05-01,"Nurse shark","M",153,NA,217,"E",2006,2006-07-29,2.3302,3.1856,58.2545
"416",2006-05-01,"Nurse shark","M",153,NA,217,"E",2006,2006-09-06,2.6353,2.775,21.0824
"417",2006-05-01,"Nurse shark","M",153,NA,217,"E",2006,2006-12-27,1.7516,2.0972,8.7578
"418",2006-05-01,"Caribbean reef shark","M",NA,65,81,"E",2006,2006-07-29,2.3302,3.1856,58.2545
"419",2006-05-01,"Caribbean reef shark","M",NA,65,81,"E",2006,2006-09-06,2.6353,2.775,21.0824
"420",2006-05-01,"Caribbean reef shark","M",NA,65,81,"E",2006,2006-12-27,1.7516,2.0972,8.7578
"421",2006-05-01,"Nurse shark","M",124,NA,172,"E",2006,2006-07-29,2.3302,3.1856,58.2545
"422",2006-05-01,"Nurse shark","M",124,NA,172,"E",2006,2006-09-06,2.6353,2.775,21.0824
"423",2006-05-01,"Nurse shark","M",124,NA,172,"E",2006,2006-12-27,1.7516,2.0972,8.7578
"424",2006-05-01,"Nurse shark","M",120,NA,159,"E",2006,2006-07-29,2.3302,3.1856,58.2545
"425",2006-05-01,"Nurse shark","M",120,NA,159,"E",2006,2006-09-06,2.6353,2.775,21.0824
"426",2006-05-01,"Nurse shark","M",120,NA,159,"E",2006,2006-12-27,1.7516,2.0972,8.7578
"427",2006-05-01,"Caribbean reef shark","F",63,71,90,"D",2006,2006-07-29,2.3302,3.1856,58.2545
"428",2006-05-01,"Caribbean reef shark","F",63,71,90,"D",2006,2006-09-06,2.6353,2.775,21.0824
"429",2006-05-01,"Caribbean reef shark","F",63,71,90,"D",2006,2006-12-27,1.7516,2.0972,8.7578
"430",2006-05-01,"Caribbean reef shark","M",74,81,100,"E",2006,2006-07-29,2.3302,3.1856,58.2545
"431",2006-05-01,"Caribbean reef shark","M",74,81,100,"E",2006,2006-09-06,2.6353,2.775,21.0824
"432",2006-05-01,"Caribbean reef shark","M",74,81,100,"E",2006,2006-12-27,1.7516,2.0972,8.7578
"433",2006-05-01,"Caribbean reef shark","F",84,92,120,"G",2006,2006-07-29,2.3302,3.1856,58.2545
"434",2006-05-01,"Caribbean reef shark","F",84,92,120,"G",2006,2006-09-06,2.6353,2.775,21.0824
"435",2006-05-01,"Caribbean reef shark","F",84,92,120,"G",2006,2006-12-27,1.7516,2.0972,8.7578
"436",2006-05-01,"Caribbean reef shark","F",152,171,214,"E",2006,2006-07-29,2.3302,3.1856,58.2545
"437",2006-05-01,"Caribbean reef shark","F",152,171,214,"E",2006,2006-09-06,2.6353,2.775,21.0824
"438",2006-05-01,"Caribbean reef shark","F",152,171,214,"E",2006,2006-12-27,1.7516,2.0972,8.7578
"439",2006-05-03,"Nurse shark","M",158,NA,205,"E",2006,2006-07-29,2.3302,3.1856,58.2545
"440",2006-05-03,"Nurse shark","M",158,NA,205,"E",2006,2006-09-06,2.6353,2.775,21.0824
"441",2006-05-03,"Nurse shark","M",158,NA,205,"E",2006,2006-12-27,1.7516,2.0972,8.7578
"442",2006-05-03,"Caribbean reef shark","M",123,137,163,"E",2006,2006-07-29,2.3302,3.1856,58.2545
"443",2006-05-03,"Caribbean reef shark","M",123,137,163,"E",2006,2006-09-06,2.6353,2.775,21.0824
"444",2006-05-03,"Caribbean reef shark","M",123,137,163,"E",2006,2006-12-27,1.7516,2.0972,8.7578
"445",2006-05-03,"Caribbean reef shark","F",NA,NA,135,"G",2006,2006-07-29,2.3302,3.1856,58.2545
"446",2006-05-03,"Caribbean reef shark","F",NA,NA,135,"G",2006,2006-09-06,2.6353,2.775,21.0824
"447",2006-05-03,"Caribbean reef shark","F",NA,NA,135,"G",2006,2006-12-27,1.7516,2.0972,8.7578
"448",2006-05-03,"Caribbean reef shark","M",77,84,101,"G",2006,2006-07-29,2.3302,3.1856,58.2545
"449",2006-05-03,"Caribbean reef shark","M",77,84,101,"G",2006,2006-09-06,2.6353,2.775,21.0824
"450",2006-05-03,"Caribbean reef shark","M",77,84,101,"G",2006,2006-12-27,1.7516,2.0972,8.7578
"451",2006-05-03,"Nurse shark","M",170,NA,232,"E",2006,2006-07-29,2.3302,3.1856,58.2545
"452",2006-05-03,"Nurse shark","M",170,NA,232,"E",2006,2006-09-06,2.6353,2.775,21.0824
"453",2006-05-03,"Nurse shark","M",170,NA,232,"E",2006,2006-12-27,1.7516,2.0972,8.7578
"454",2006-05-04,"Nurse shark","F",132,NA,177,"E",2006,2006-07-29,2.3302,3.1856,58.2545
"455",2006-05-04,"Nurse shark","F",132,NA,177,"E",2006,2006-09-06,2.6353,2.775,21.0824
"456",2006-05-04,"Nurse shark","F",132,NA,177,"E",2006,2006-12-27,1.7516,2.0972,8.7578
"457",2006-05-04,"R. porosus","F",67,71,83,"D",2006,2006-07-29,2.3302,3.1856,58.2545
"458",2006-05-04,"R. porosus","F",67,71,83,"D",2006,2006-09-06,2.6353,2.775,21.0824
"459",2006-05-04,"R. porosus","F",67,71,83,"D",2006,2006-12-27,1.7516,2.0972,8.7578
"460",2006-05-04,"Nurse shark","F",130,NA,168,"E",2006,2006-07-29,2.3302,3.1856,58.2545
"461",2006-05-04,"Nurse shark","F",130,NA,168,"E",2006,2006-09-06,2.6353,2.775,21.0824
"462",2006-05-04,"Nurse shark","F",130,NA,168,"E",2006,2006-12-27,1.7516,2.0972,8.7578
"463",2006-05-04,"Nurse shark","F",154,NA,215,"E",2006,2006-07-29,2.3302,3.1856,58.2545
"464",2006-05-04,"Nurse shark","F",154,NA,215,"E",2006,2006-09-06,2.6353,2.775,21.0824
"465",2006-05-04,"Nurse shark","F",154,NA,215,"E",2006,2006-12-27,1.7516,2.0972,8.7578
"466",2006-05-04,"Nurse shark","F",101,NA,147,"E",2006,2006-07-29,2.3302,3.1856,58.2545
"467",2006-05-04,"Nurse shark","F",101,NA,147,"E",2006,2006-09-06,2.6353,2.775,21.0824
"468",2006-05-04,"Nurse shark","F",101,NA,147,"E",2006,2006-12-27,1.7516,2.0972,8.7578
"469",2006-05-04,"Nurse shark","F",95,NA,136,"E",2006,2006-07-29,2.3302,3.1856,58.2545
"470",2006-05-04,"Nurse shark","F",95,NA,136,"E",2006,2006-09-06,2.6353,2.775,21.0824
"471",2006-05-04,"Nurse shark","F",95,NA,136,"E",2006,2006-12-27,1.7516,2.0972,8.7578
"472",2006-05-04,"Nurse shark","M",101,NA,144,"E",2006,2006-07-29,2.3302,3.1856,58.2545
"473",2006-05-04,"Nurse shark","M",101,NA,144,"E",2006,2006-09-06,2.6353,2.775,21.0824
"474",2006-05-04,"Nurse shark","M",101,NA,144,"E",2006,2006-12-27,1.7516,2.0972,8.7578
"475",2006-05-05,"Caribbean reef shark","F",59,63,80,"E",2006,2006-07-29,2.3302,3.1856,58.2545
"476",2006-05-05,"Caribbean reef shark","F",59,63,80,"E",2006,2006-09-06,2.6353,2.775,21.0824
"477",2006-05-05,"Caribbean reef shark","F",59,63,80,"E",2006,2006-12-27,1.7516,2.0972,8.7578
"478",2006-05-05,"Caribbean reef shark","F",64,71,90,"E",2006,2006-07-29,2.3302,3.1856,58.2545
"479",2006-05-05,"Caribbean reef shark","F",64,71,90,"E",2006,2006-09-06,2.6353,2.775,21.0824
"480",2006-05-05,"Caribbean reef shark","F",64,71,90,"E",2006,2006-12-27,1.7516,2.0972,8.7578
"481",2006-05-05,"Caribbean reef shark","M",64,70,86,"E",2006,2006-07-29,2.3302,3.1856,58.2545
"482",2006-05-05,"Caribbean reef shark","M",64,70,86,"E",2006,2006-09-06,2.6353,2.775,21.0824
"483",2006-05-05,"Caribbean reef shark","M",64,70,86,"E",2006,2006-12-27,1.7516,2.0972,8.7578
"484",2006-05-05,"Nurse shark","M",114,NA,150,"E",2006,2006-07-29,2.3302,3.1856,58.2545
"485",2006-05-05,"Nurse shark","M",114,NA,150,"E",2006,2006-09-06,2.6353,2.775,21.0824
"486",2006-05-05,"Nurse shark","M",114,NA,150,"E",2006,2006-12-27,1.7516,2.0972,8.7578
"487",2006-05-05,"Nurse shark","M",121,NA,163,"E",2006,2006-07-29,2.3302,3.1856,58.2545
"488",2006-05-05,"Nurse shark","M",121,NA,163,"E",2006,2006-09-06,2.6353,2.775,21.0824
"489",2006-05-05,"Nurse shark","M",121,NA,163,"E",2006,2006-12-27,1.7516,2.0972,8.7578
"490",2006-05-05,"Nurse shark","M",165,NA,229,"E",2006,2006-07-29,2.3302,3.1856,58.2545
"491",2006-05-05,"Nurse shark","M",165,NA,229,"E",2006,2006-09-06,2.6353,2.775,21.0824
"492",2006-05-05,"Nurse shark","M",165,NA,229,"E",2006,2006-12-27,1.7516,2.0972,8.7578
"493",2006-05-05,"Nurse shark","F",108,NA,195,"E",2006,2006-07-29,2.3302,3.1856,58.2545
"494",2006-05-05,"Nurse shark","F",108,NA,195,"E",2006,2006-09-06,2.6353,2.775,21.0824
"495",2006-05-05,"Nurse shark","F",108,NA,195,"E",2006,2006-12-27,1.7516,2.0972,8.7578
"496",2006-05-05,"Nurse shark","M",131,NA,184,"E",2006,2006-07-29,2.3302,3.1856,58.2545
"497",2006-05-05,"Nurse shark","M",131,NA,184,"E",2006,2006-09-06,2.6353,2.775,21.0824
"498",2006-05-05,"Nurse shark","M",131,NA,184,"E",2006,2006-12-27,1.7516,2.0972,8.7578
"499",2006-05-06,"Caribbean reef shark","F",64,66,85,"G",2006,2006-07-29,2.3302,3.1856,58.2545
"500",2006-05-06,"Caribbean reef shark","F",64,66,85,"G",2006,2006-09-06,2.6353,2.775,21.0824
"501",2006-05-06,"Caribbean reef shark","F",64,66,85,"G",2006,2006-12-27,1.7516,2.0972,8.7578
"502",2006-05-06,"Caribbean reef shark","F",58.5,62,76,"G",2006,2006-07-29,2.3302,3.1856,58.2545
"503",2006-05-06,"Caribbean reef shark","F",58.5,62,76,"G",2006,2006-09-06,2.6353,2.775,21.0824
"504",2006-05-06,"Caribbean reef shark","F",58.5,62,76,"G",2006,2006-12-27,1.7516,2.0972,8.7578
"505",2006-05-06,"Nurse shark","F",110.5,NA,155.5,"E",2006,2006-07-29,2.3302,3.1856,58.2545
"506",2006-05-06,"Nurse shark","F",110.5,NA,155.5,"E",2006,2006-09-06,2.6353,2.775,21.0824
"507",2006-05-06,"Nurse shark","F",110.5,NA,155.5,"E",2006,2006-12-27,1.7516,2.0972,8.7578
"508",2006-05-06,"Caribbean reef shark","M",58,65,79,"D",2006,2006-07-29,2.3302,3.1856,58.2545
"509",2006-05-06,"Caribbean reef shark","M",58,65,79,"D",2006,2006-09-06,2.6353,2.775,21.0824
"510",2006-05-06,"Caribbean reef shark","M",58,65,79,"D",2006,2006-12-27,1.7516,2.0972,8.7578
"511",2006-05-06,"Caribbean reef shark","M",73,80,100,"E",2006,2006-07-29,2.3302,3.1856,58.2545
"512",2006-05-06,"Caribbean reef shark","M",73,80,100,"E",2006,2006-09-06,2.6353,2.775,21.0824
"513",2006-05-06,"Caribbean reef shark","M",73,80,100,"E",2006,2006-12-27,1.7516,2.0972,8.7578
"514",2006-05-07,"Caribbean reef shark","F",58,63,77,"E",2006,2006-07-29,2.3302,3.1856,58.2545
"515",2006-05-07,"Caribbean reef shark","F",58,63,77,"E",2006,2006-09-06,2.6353,2.775,21.0824
"516",2006-05-07,"Caribbean reef shark","F",58,63,77,"E",2006,2006-12-27,1.7516,2.0972,8.7578
"517",2006-05-07,"Nurse shark","F",154,NA,216,"E",2006,2006-07-29,2.3302,3.1856,58.2545
"518",2006-05-07,"Nurse shark","F",154,NA,216,"E",2006,2006-09-06,2.6353,2.775,21.0824
"519",2006-05-07,"Nurse shark","F",154,NA,216,"E",2006,2006-12-27,1.7516,2.0972,8.7578
"520",2006-05-07,"Caribbean reef shark","F",69,74,93,"E",2006,2006-07-29,2.3302,3.1856,58.2545
"521",2006-05-07,"Caribbean reef shark","F",69,74,93,"E",2006,2006-09-06,2.6353,2.775,21.0824
"522",2006-05-07,"Caribbean reef shark","F",69,74,93,"E",2006,2006-12-27,1.7516,2.0972,8.7578
"523",2006-05-07,"Caribbean reef shark","M",69,76,94,"E",2006,2006-07-29,2.3302,3.1856,58.2545
"524",2006-05-07,"Caribbean reef shark","M",69,76,94,"E",2006,2006-09-06,2.6353,2.775,21.0824
"525",2006-05-07,"Caribbean reef shark","M",69,76,94,"E",2006,2006-12-27,1.7516,2.0972,8.7578
"526",2006-05-07,"Caribbean reef shark","F",65,71,88,"E",2006,2006-07-29,2.3302,3.1856,58.2545
"527",2006-05-07,"Caribbean reef shark","F",65,71,88,"E",2006,2006-09-06,2.6353,2.775,21.0824
"528",2006-05-07,"Caribbean reef shark","F",65,71,88,"E",2006,2006-12-27,1.7516,2.0972,8.7578
"529",2006-05-08,"Nurse shark","M",97,NA,144,"E",2006,2006-07-29,2.3302,3.1856,58.2545
"530",2006-05-08,"Nurse shark","M",97,NA,144,"E",2006,2006-09-06,2.6353,2.775,21.0824
"531",2006-05-08,"Nurse shark","M",97,NA,144,"E",2006,2006-12-27,1.7516,2.0972,8.7578
"532",2006-05-09,"Caribbean reef shark","F",100,110,136,"G",2006,2006-07-29,2.3302,3.1856,58.2545
"533",2006-05-09,"Caribbean reef shark","F",100,110,136,"G",2006,2006-09-06,2.6353,2.775,21.0824
"534",2006-05-09,"Caribbean reef shark","F",100,110,136,"G",2006,2006-12-27,1.7516,2.0972,8.7578
"535",2006-05-09,"Caribbean reef shark","M",127,137,166,"G",2006,2006-07-29,2.3302,3.1856,58.2545
"536",2006-05-09,"Caribbean reef shark","M",127,137,166,"G",2006,2006-09-06,2.6353,2.775,21.0824
"537",2006-05-09,"Caribbean reef shark","M",127,137,166,"G",2006,2006-12-27,1.7516,2.0972,8.7578
"538",2006-05-09,"Nurse shark","F",114,NA,160,"E",2006,2006-07-29,2.3302,3.1856,58.2545
"539",2006-05-09,"Nurse shark","F",114,NA,160,"E",2006,2006-09-06,2.6353,2.775,21.0824
"540",2006-05-09,"Nurse shark","F",114,NA,160,"E",2006,2006-12-27,1.7516,2.0972,8.7578
"541",2006-05-09,"Nurse shark","M",137,NA,187,"E",2006,2006-07-29,2.3302,3.1856,58.2545
"542",2006-05-09,"Nurse shark","M",137,NA,187,"E",2006,2006-09-06,2.6353,2.775,21.0824
"543",2006-05-09,"Nurse shark","M",137,NA,187,"E",2006,2006-12-27,1.7516,2.0972,8.7578
"544",2006-05-09,"Nurse shark","M",141,NA,187,"E",2006,2006-07-29,2.3302,3.1856,58.2545
"545",2006-05-09,"Nurse shark","M",141,NA,187,"E",2006,2006-09-06,2.6353,2.775,21.0824
"546",2006-05-09,"Nurse shark","M",141,NA,187,"E",2006,2006-12-27,1.7516,2.0972,8.7578
"583",2008-04-30,"Nurse shark","M",74,NA,112,"E",2008,2008-10-30,2.8438,3.8739,25.5938
"584",2008-04-30,"Nurse shark","M",74,NA,112,"E",2008,2008-12-02,1.8356,1.9758,20.192
"585",2008-04-30,"Nurse shark","M",126,NA,185,"E",2008,2008-10-30,2.8438,3.8739,25.5938
"586",2008-04-30,"Nurse shark","M",126,NA,185,"E",2008,2008-12-02,1.8356,1.9758,20.192
"587",2008-05-01,"Nurse shark","F",138,NA,204,"E",2008,2008-10-30,2.8438,3.8739,25.5938
"588",2008-05-01,"Nurse shark","F",138,NA,204,"E",2008,2008-12-02,1.8356,1.9758,20.192
"589",2008-05-01,"Nurse shark","F",120,NA,170,"E",2008,2008-10-30,2.8438,3.8739,25.5938
"590",2008-05-01,"Nurse shark","F",120,NA,170,"E",2008,2008-12-02,1.8356,1.9758,20.192
"591",2008-05-01,"Nurse shark","M",108,NA,154,"E",2008,2008-10-30,2.8438,3.8739,25.5938
"592",2008-05-01,"Nurse shark","M",108,NA,154,"E",2008,2008-12-02,1.8356,1.9758,20.192
"593",2008-05-01,"Nurse shark","M",122,NA,172,"E",2008,2008-10-30,2.8438,3.8739,25.5938
"594",2008-05-01,"Nurse shark","M",122,NA,172,"E",2008,2008-12-02,1.8356,1.9758,20.192
"595",2008-05-01,"Nurse shark","M",100,NA,145,"E",2008,2008-10-30,2.8438,3.8739,25.5938
"596",2008-05-01,"Nurse shark","M",100,NA,145,"E",2008,2008-12-02,1.8356,1.9758,20.192
"597",2008-05-02,"Nurse shark","F",171,NA,235,"E",2008,2008-10-30,2.8438,3.8739,25.5938
"598",2008-05-02,"Nurse shark","F",171,NA,235,"E",2008,2008-12-02,1.8356,1.9758,20.192
"599",2008-05-02,"Nurse shark","F",113,NA,166,"E",2008,2008-10-30,2.8438,3.8739,25.5938
"600",2008-05-02,"Nurse shark","F",113,NA,166,"E",2008,2008-12-02,1.8356,1.9758,20.192
"601",2008-05-02,"Nurse shark","F",92,NA,134,"E",2008,2008-10-30,2.8438,3.8739,25.5938
"602",2008-05-02,"Nurse shark","F",92,NA,134,"E",2008,2008-12-02,1.8356,1.9758,20.192
"603",2008-05-04,"Nurse shark","F",153,NA,215,"E",2008,2008-10-30,2.8438,3.8739,25.5938
"604",2008-05-04,"Nurse shark","F",153,NA,215,"E",2008,2008-12-02,1.8356,1.9758,20.192
"605",2008-05-04,"Nurse shark","M",117,NA,171,"E",2008,2008-10-30,2.8438,3.8739,25.5938
"606",2008-05-04,"Nurse shark","M",117,NA,171,"E",2008,2008-12-02,1.8356,1.9758,20.192
"607",2008-05-04,"Nurse shark","M",146,NA,209,"E",2008,2008-10-30,2.8438,3.8739,25.5938
"608",2008-05-04,"Nurse shark","M",146,NA,209,"E",2008,2008-12-02,1.8356,1.9758,20.192
"609",2008-05-04,"C. SIGNATUS","M",162,177,216,"E",2008,2008-10-30,2.8438,3.8739,25.5938
"610",2008-05-04,"C. SIGNATUS","M",162,177,216,"E",2008,2008-12-02,1.8356,1.9758,20.192
"611",2008-05-04,"C. SIGNATUS","F",187,201,249,"E",2008,2008-10-30,2.8438,3.8739,25.5938
"612",2008-05-04,"C. SIGNATUS","F",187,201,249,"E",2008,2008-12-02,1.8356,1.9758,20.192
"613",2008-05-04,"Caribbean reef shark","M",71,77,97,"E",2008,2008-10-30,2.8438,3.8739,25.5938
"614",2008-05-04,"Caribbean reef shark","M",71,77,97,"E",2008,2008-12-02,1.8356,1.9758,20.192
"615",2008-05-04,"Caribbean reef shark","M",67,75,91,"G",2008,2008-10-30,2.8438,3.8739,25.5938
"616",2008-05-04,"Caribbean reef shark","M",67,75,91,"G",2008,2008-12-02,1.8356,1.9758,20.192
"617",2008-05-05,"Caribbean reef shark","M",64,73,84,"G",2008,2008-10-30,2.8438,3.8739,25.5938
"618",2008-05-05,"Caribbean reef shark","M",64,73,84,"G",2008,2008-12-02,1.8356,1.9758,20.192
"619",2008-05-05,"R. porosus","F",61,66,81,"G",2008,2008-10-30,2.8438,3.8739,25.5938
"620",2008-05-05,"R. porosus","F",61,66,81,"G",2008,2008-12-02,1.8356,1.9758,20.192
"621",2008-05-05,"Nurse shark","M",95,NA,145,"E",2008,2008-10-30,2.8438,3.8739,25.5938
"622",2008-05-05,"Nurse shark","M",95,NA,145,"E",2008,2008-12-02,1.8356,1.9758,20.192
"623",2008-05-05,"Nurse shark","F",125,NA,185,"E",2008,2008-10-30,2.8438,3.8739,25.5938
"624",2008-05-05,"Nurse shark","F",125,NA,185,"E",2008,2008-12-02,1.8356,1.9758,20.192
"625",2008-05-05,"Nurse shark","M",86,NA,111,"E",2008,2008-10-30,2.8438,3.8739,25.5938
"626",2008-05-05,"Nurse shark","M",86,NA,111,"E",2008,2008-12-02,1.8356,1.9758,20.192
"627",2008-05-06,"Caribbean reef shark","M",68,76,91,"E",2008,2008-10-30,2.8438,3.8739,25.5938
"628",2008-05-06,"Caribbean reef shark","M",68,76,91,"E",2008,2008-12-02,1.8356,1.9758,20.192
"629",2008-05-06,"Caribbean reef shark","F",74,85,101,"E",2008,2008-10-30,2.8438,3.8739,25.5938
"630",2008-05-06,"Caribbean reef shark","F",74,85,101,"E",2008,2008-12-02,1.8356,1.9758,20.192
"631",2008-05-06,"G.cuvier","F",149,161,201,"E",2008,2008-10-30,2.8438,3.8739,25.5938
"632",2008-05-06,"G.cuvier","F",149,161,201,"E",2008,2008-12-02,1.8356,1.9758,20.192
"633",2008-05-06,"Nurse shark","F",117,NA,171,"E",2008,2008-10-30,2.8438,3.8739,25.5938
"634",2008-05-06,"Nurse shark","F",117,NA,171,"E",2008,2008-12-02,1.8356,1.9758,20.192
"635",2008-05-06,"Nurse shark","F",156,NA,224,"E",2008,2008-10-30,2.8438,3.8739,25.5938
"636",2008-05-06,"Nurse shark","F",156,NA,224,"E",2008,2008-12-02,1.8356,1.9758,20.192
"637",2008-05-06,"Nurse shark","M",137,NA,194,"E",2008,2008-10-30,2.8438,3.8739,25.5938
"638",2008-05-06,"Nurse shark","M",137,NA,194,"E",2008,2008-12-02,1.8356,1.9758,20.192
"639",2008-05-06,"Nurse shark","F",153,NA,226,"E",2008,2008-10-30,2.8438,3.8739,25.5938
"640",2008-05-06,"Nurse shark","F",153,NA,226,"E",2008,2008-12-02,1.8356,1.9758,20.192
"641",2008-05-06,"Nurse shark","F",131,NA,195,"E",2008,2008-10-30,2.8438,3.8739,25.5938
"642",2008-05-06,"Nurse shark","F",131,NA,195,"E",2008,2008-12-02,1.8356,1.9758,20.192
"643",2008-05-06,"R. porosus","F",66,72,87,"D",2008,2008-10-30,2.8438,3.8739,25.5938
"644",2008-05-06,"R. porosus","F",66,72,87,"D",2008,2008-12-02,1.8356,1.9758,20.192
"645",2008-05-07,"Nurse shark","M",154,NA,224,"E",2008,2008-10-30,2.8438,3.8739,25.5938
"646",2008-05-07,"Nurse shark","M",154,NA,224,"E",2008,2008-12-02,1.8356,1.9758,20.192
"647",2008-05-07,"Nurse shark","F",145,NA,210,"E",2008,2008-10-30,2.8438,3.8739,25.5938
"648",2008-05-07,"Nurse shark","F",145,NA,210,"E",2008,2008-12-02,1.8356,1.9758,20.192
"649",2008-05-07,"Nurse shark","F",165,NA,232,"E",2008,2008-10-30,2.8438,3.8739,25.5938
"650",2008-05-07,"Nurse shark","F",165,NA,232,"E",2008,2008-12-02,1.8356,1.9758,20.192
"651",2008-05-07,"Nurse shark","M",153,NA,226,"E",2008,2008-10-30,2.8438,3.8739,25.5938
"652",2008-05-07,"Nurse shark","M",153,NA,226,"E",2008,2008-12-02,1.8356,1.9758,20.192
"653",2008-05-07,"Nurse shark","M",131,NA,192,"E",2008,2008-10-30,2.8438,3.8739,25.5938
"654",2008-05-07,"Nurse shark","M",131,NA,192,"E",2008,2008-12-02,1.8356,1.9758,20.192
"655",2008-05-07,"Nurse shark","M",140,NA,203,"E",2008,2008-10-30,2.8438,3.8739,25.5938
"656",2008-05-07,"Nurse shark","M",140,NA,203,"E",2008,2008-12-02,1.8356,1.9758,20.192
"657",2008-05-07,"Nurse shark","F",160,NA,229,"E",2008,2008-10-30,2.8438,3.8739,25.5938
"658",2008-05-07,"Nurse shark","F",160,NA,229,"E",2008,2008-12-02,1.8356,1.9758,20.192
"671",2010-05-01,"Caribbean reef shark","F",72,80,101,"E",2010,2010-01-12,1.6788,2.2207,20.1452
"672",2010-05-01,"Nurse shark","M",163.5,NA,227,"E",2010,2010-01-12,1.6788,2.2207,20.1452
"673",2010-05-02,"Caribbean reef shark","M",67,76,93,"P",2010,2010-01-12,1.6788,2.2207,20.1452
"674",2010-05-02,"Caribbean reef shark","F",78,87,107,"G",2010,2010-01-12,1.6788,2.2207,20.1452
"675",2010-05-02,"Nurse shark","M",150,NA,225,"E",2010,2010-01-12,1.6788,2.2207,20.1452
"676",2010-05-02,"Nurse shark","F",130,NA,184,"E",2010,2010-01-12,1.6788,2.2207,20.1452
"677",2010-05-02,"Nurse shark","M",127,NA,177,"E",2010,2010-01-12,1.6788,2.2207,20.1452
"678",2010-05-02,"Nurse shark","M",107,NA,151,"G",2010,2010-01-12,1.6788,2.2207,20.1452
"679",2010-05-02,"Nurse shark","M",50,NA,92,"E",2010,2010-01-12,1.6788,2.2207,20.1452
"680",2010-05-02,"Nurse shark","M",108,NA,145,"E",2010,2010-01-12,1.6788,2.2207,20.1452
"681",2010-05-02,"Nurse shark","F",108,NA,159,"G",2010,2010-01-12,1.6788,2.2207,20.1452
"682",2010-05-03,"Caribbean reef shark","F",52,59,73,"E",2010,2010-01-12,1.6788,2.2207,20.1452
"683",2010-05-03,"Caribbean reef shark","F",102,111,133,"G",2010,2010-01-12,1.6788,2.2207,20.1452
"684",2010-05-03,"Caribbean reef shark","M",133,143,182,"G",2010,2010-01-12,1.6788,2.2207,20.1452
"685",2010-05-03,"Nurse shark","M",149,NA,223,"G",2010,2010-01-12,1.6788,2.2207,20.1452
"686",2010-05-10,"Caribbean reef shark","F",71,81,95,"G",2010,2010-01-12,1.6788,2.2207,20.1452
"687",2010-05-10,"Nurse shark","F",94,NA,126,"G",2010,2010-01-12,1.6788,2.2207,20.1452
"777",2012-05-22,"Caribbean reef shark","M",70,77,92,"E",2012,2012-09-06,3.7016,4.2382,22.2094
"778",2012-05-22,"Caribbean reef shark","M",70,77,92,"E",2012,2012-10-04,3.6489,5.1625,153.2546
"779",2012-05-22,"Caribbean reef shark","F",88,95,116,"E",2012,2012-09-06,3.7016,4.2382,22.2094
"780",2012-05-22,"Caribbean reef shark","F",88,95,116,"E",2012,2012-10-04,3.6489,5.1625,153.2546
"781",2012-05-22,"Caribbean reef shark","F",63,69,85,"E",2012,2012-09-06,3.7016,4.2382,22.2094
"782",2012-05-22,"Caribbean reef shark","F",63,69,85,"E",2012,2012-10-04,3.6489,5.1625,153.2546
"783",2012-05-22,"Caribbean reef shark","F",89,98,120,"E",2012,2012-09-06,3.7016,4.2382,22.2094
"784",2012-05-22,"Caribbean reef shark","F",89,98,120,"E",2012,2012-10-04,3.6489,5.1625,153.2546
"785",2012-05-23,"Caribbean reef shark","F",73,82,99,"E",2012,2012-09-06,3.7016,4.2382,22.2094
"786",2012-05-23,"Caribbean reef shark","F",73,82,99,"E",2012,2012-10-04,3.6489,5.1625,153.2546
"787",2012-05-23,"Caribbean reef shark","M",140,153,187,"G",2012,2012-09-06,3.7016,4.2382,22.2094
"788",2012-05-23,"Caribbean reef shark","M",140,153,187,"G",2012,2012-10-04,3.6489,5.1625,153.2546
"789",2012-05-23,"Nurse shark","F",131,NA,184,"G",2012,2012-09-06,3.7016,4.2382,22.2094
"790",2012-05-23,"Nurse shark","F",131,NA,184,"G",2012,2012-10-04,3.6489,5.1625,153.2546
"791",2012-05-24,"Caribbean reef shark","F",69,75,90,"G",2012,2012-09-06,3.7016,4.2382,22.2094
"792",2012-05-24,"Caribbean reef shark","F",69,75,90,"G",2012,2012-10-04,3.6489,5.1625,153.2546
"793",2012-05-24,"Caribbean reef shark","M",NA,NA,190,"P",2012,2012-09-06,3.7016,4.2382,22.2094
"794",2012-05-24,"Caribbean reef shark","M",NA,NA,190,"P",2012,2012-10-04,3.6489,5.1625,153.2546
"795",2012-05-24,"Caribbean reef shark","M",140,154,188,"E",2012,2012-09-06,3.7016,4.2382,22.2094
"796",2012-05-24,"Caribbean reef shark","M",140,154,188,"E",2012,2012-10-04,3.6489,5.1625,153.2546
"797",2012-05-24,"Caribbean reef shark","M",68,77,92,"E",2012,2012-09-06,3.7016,4.2382,22.2094
"798",2012-05-24,"Caribbean reef shark","M",68,77,92,"E",2012,2012-10-04,3.6489,5.1625,153.2546
"799",2012-05-24,"Nurse shark","F",168,NA,232,"E",2012,2012-09-06,3.7016,4.2382,22.2094
"800",2012-05-24,"Nurse shark","F",168,NA,232,"E",2012,2012-10-04,3.6489,5.1625,153.2546
"801",2012-05-24,"Nurse shark","F",130,NA,187,"E",2012,2012-09-06,3.7016,4.2382,22.2094
"802",2012-05-24,"Nurse shark","F",130,NA,187,"E",2012,2012-10-04,3.6489,5.1625,153.2546
"803",2012-05-24,"Nurse shark","F",129,NA,188,"E",2012,2012-09-06,3.7016,4.2382,22.2094
"804",2012-05-24,"Nurse shark","F",129,NA,188,"E",2012,2012-10-04,3.6489,5.1625,153.2546
"805",2012-05-24,"Nurse shark","F",147,NA,214,"E",2012,2012-09-06,3.7016,4.2382,22.2094
"806",2012-05-24,"Nurse shark","F",147,NA,214,"E",2012,2012-10-04,3.6489,5.1625,153.2546
"807",2012-05-24,"Nurse shark","F",142,NA,203,"E",2012,2012-09-06,3.7016,4.2382,22.2094
"808",2012-05-24,"Nurse shark","F",142,NA,203,"E",2012,2012-10-04,3.6489,5.1625,153.2546
"809",2012-05-26,"Caribbean reef shark","F",90,100,126,"E",2012,2012-09-06,3.7016,4.2382,22.2094
"810",2012-05-26,"Caribbean reef shark","F",90,100,126,"E",2012,2012-10-04,3.6489,5.1625,153.2546
"811",2012-05-26,"Caribbean reef shark","M",62,70,83,"E",2012,2012-09-06,3.7016,4.2382,22.2094
"812",2012-05-26,"Caribbean reef shark","M",62,70,83,"E",2012,2012-10-04,3.6489,5.1625,153.2546
"813",2012-05-30,"Caribbean reef shark","F",140,158,187,"E",2012,2012-09-06,3.7016,4.2382,22.2094
"814",2012-05-30,"Caribbean reef shark","F",140,158,187,"E",2012,2012-10-04,3.6489,5.1625,153.2546
"815",2012-05-31,"Nurse shark","M",145,NA,227,"E",2012,2012-09-06,3.7016,4.2382,22.2094
"816",2012-05-31,"Nurse shark","M",145,NA,227,"E",2012,2012-10-04,3.6489,5.1625,153.2546
"817",2012-06-01,"Nurse shark","F",163,NA,224,"E",2012,2012-09-06,3.7016,4.2382,22.2094
"818",2012-06-01,"Nurse shark","F",163,NA,224,"E",2012,2012-10-04,3.6489,5.1625,153.2546
"819",2012-06-01,"Nurse shark","F",121,NA,174,"E",2012,2012-09-06,3.7016,4.2382,22.2094
"820",2012-06-01,"Nurse shark","F",121,NA,174,"E",2012,2012-10-04,3.6489,5.1625,153.2546
"821",2012-06-01,"Nurse shark","M",101,NA,144,"E",2012,2012-09-06,3.7016,4.2382,22.2094
"822",2012-06-01,"Nurse shark","M",101,NA,144,"E",2012,2012-10-04,3.6489,5.1625,153.2546
"823",2012-06-01,"Nurse shark","F",142,NA,194,"E",2012,2012-09-06,3.7016,4.2382,22.2094
"824",2012-06-01,"Nurse shark","F",142,NA,194,"E",2012,2012-10-04,3.6489,5.1625,153.2546
"825",2012-06-01,"Nurse shark","F",117,NA,164,"E",2012,2012-09-06,3.7016,4.2382,22.2094
"826",2012-06-01,"Nurse shark","F",117,NA,164,"E",2012,2012-10-04,3.6489,5.1625,153.2546
"827",2012-06-02,"Caribbean reef shark","F",73,84,100,"E",2012,2012-09-06,3.7016,4.2382,22.2094
"828",2012-06-02,"Caribbean reef shark","F",73,84,100,"E",2012,2012-10-04,3.6489,5.1625,153.2546
"829",2012-06-02,"Nurse shark","M",97,NA,136,"E",2012,2012-09-06,3.7016,4.2382,22.2094
"830",2012-06-02,"Nurse shark","M",97,NA,136,"E",2012,2012-10-04,3.6489,5.1625,153.2546
"831",2012-06-02,"Nurse shark","M",125,NA,157,"E",2012,2012-09-06,3.7016,4.2382,22.2094
"832",2012-06-02,"Nurse shark","M",125,NA,157,"E",2012,2012-10-04,3.6489,5.1625,153.2546
"833",2012-06-02,"Nurse shark","M",95,NA,141,"E",2012,2012-09-06,3.7016,4.2382,22.2094
"834",2012-06-02,"Nurse shark","M",95,NA,141,"E",2012,2012-10-04,3.6489,5.1625,153.2546
"835",2012-06-02,"Nurse shark","M",134,NA,190,"E",2012,2012-09-06,3.7016,4.2382,22.2094
"836",2012-06-02,"Nurse shark","M",134,NA,190,"E",2012,2012-10-04,3.6489,5.1625,153.2546
"837",2012-06-03,"Nurse shark","F",105,NA,146,"E",2012,2012-09-06,3.7016,4.2382,22.2094
"838",2012-06-03,"Nurse shark","F",105,NA,146,"E",2012,2012-10-04,3.6489,5.1625,153.2546
"839",2012-06-03,"Nurse shark","F",88,NA,120,"E",2012,2012-09-06,3.7016,4.2382,22.2094
"840",2012-06-03,"Nurse shark","F",88,NA,120,"E",2012,2012-10-04,3.6489,5.1625,153.2546
"841",2012-06-04,"black tip shark","M",124,137,167,"G",2012,2012-09-06,3.7016,4.2382,22.2094
"842",2012-06-04,"black tip shark","M",124,137,167,"G",2012,2012-10-04,3.6489,5.1625,153.2546
"843",2012-06-04,"Caribbean reef shark","M",100,109,132,"E",2012,2012-09-06,3.7016,4.2382,22.2094
"844",2012-06-04,"Caribbean reef shark","M",100,109,132,"E",2012,2012-10-04,3.6489,5.1625,153.2546
"845",2012-06-04,"S. mokarran","F",NA,NA,235,"G",2012,2012-09-06,3.7016,4.2382,22.2094
"846",2012-06-04,"S. mokarran","F",NA,NA,235,"G",2012,2012-10-04,3.6489,5.1625,153.2546
"847",2012-06-04,"Nurse shark","M",144,NA,184,"E",2012,2012-09-06,3.7016,4.2382,22.2094
"848",2012-06-04,"Nurse shark","M",144,NA,184,"E",2012,2012-10-04,3.6489,5.1625,153.2546
"849",2012-06-04,"Nurse shark","M",120,NA,186,"E",2012,2012-09-06,3.7016,4.2382,22.2094
"850",2012-06-04,"Nurse shark","M",120,NA,186,"E",2012,2012-10-04,3.6489,5.1625,153.2546
"851",2012-06-04,"Nurse shark","M",85,NA,140,"E",2012,2012-09-06,3.7016,4.2382,22.2094
"852",2012-06-04,"Nurse shark","M",85,NA,140,"E",2012,2012-10-04,3.6489,5.1625,153.2546
"853",2012-06-07,"Caribbean reef shark","M",122,131,159,"G",2012,2012-09-06,3.7016,4.2382,22.2094
"854",2012-06-07,"Caribbean reef shark","M",122,131,159,"G",2012,2012-10-04,3.6489,5.1625,153.2546
"855",2012-06-07,"Nurse shark","F",113,NA,161,"E",2012,2012-09-06,3.7016,4.2382,22.2094
"856",2012-06-07,"Nurse shark","F",113,NA,161,"E",2012,2012-10-04,3.6489,5.1625,153.2546
"857",2012-06-08,"N. brevirostris","F",135,146,167,"E",2012,2012-09-06,3.7016,4.2382,22.2094
"858",2012-06-08,"N. brevirostris","F",135,146,167,"E",2012,2012-10-04,3.6489,5.1625,153.2546
"859",2012-06-08,"Nurse shark","F",86.1,NA,124,"E",2012,2012-09-06,3.7016,4.2382,22.2094
"860",2012-06-08,"Nurse shark","F",86.1,NA,124,"E",2012,2012-10-04,3.6489,5.1625,153.2546
"861",2012-06-08,"Nurse shark","M",100,NA,137,"E",2012,2012-09-06,3.7016,4.2382,22.2094
"862",2012-06-08,"Nurse shark","M",100,NA,137,"E",2012,2012-10-04,3.6489,5.1625,153.2546
"863",2012-06-08,"Nurse shark","M",113,NA,148,"E",2012,2012-09-06,3.7016,4.2382,22.2094
"864",2012-06-08,"Nurse shark","M",113,NA,148,"E",2012,2012-10-04,3.6489,5.1625,153.2546
"865",2012-06-08,"Nurse shark","F",101,NA,129,"E",2012,2012-09-06,3.7016,4.2382,22.2094
"866",2012-06-08,"Nurse shark","F",101,NA,129,"E",2012,2012-10-04,3.6489,5.1625,153.2546
"867",2012-06-09,"Nurse shark","F",145,NA,203,"E",2012,2012-09-06,3.7016,4.2382,22.2094
"868",2012-06-09,"Nurse shark","F",145,NA,203,"E",2012,2012-10-04,3.6489,5.1625,153.2546
"869",2012-06-09,"Nurse shark","F",89,NA,127,"E",2012,2012-09-06,3.7016,4.2382,22.2094
"870",2012-06-09,"Nurse shark","F",89,NA,127,"E",2012,2012-10-04,3.6489,5.1625,153.2546
"871",2012-06-09,"Nurse shark","F",108,NA,150,"E",2012,2012-09-06,3.7016,4.2382,22.2094
"872",2012-06-09,"Nurse shark","F",108,NA,150,"E",2012,2012-10-04,3.6489,5.1625,153.2546
"873",2012-06-11,"C. acronotus","M",NA,NA,95,"E",2012,2012-09-06,3.7016,4.2382,22.2094
"874",2012-06-11,"C. acronotus","M",NA,NA,95,"E",2012,2012-10-04,3.6489,5.1625,153.2546
"875",2012-06-11,"Caribbean reef shark","F",153,170,205,"E",2012,2012-09-06,3.7016,4.2382,22.2094
"876",2012-06-11,"Caribbean reef shark","F",153,170,205,"E",2012,2012-10-04,3.6489,5.1625,153.2546
"877",2012-06-11,"Nurse shark","M",90,NA,125,"E",2012,2012-09-06,3.7016,4.2382,22.2094
"878",2012-06-11,"Nurse shark","M",90,NA,125,"E",2012,2012-10-04,3.6489,5.1625,153.2546
"879",2012-06-11,"Nurse shark","M",113,NA,160,"E",2012,2012-09-06,3.7016,4.2382,22.2094
"880",2012-06-11,"Nurse shark","M",113,NA,160,"E",2012,2012-10-04,3.6489,5.1625,153.2546
"881",2012-06-11,"Nurse shark","M",154,NA,210,"E",2012,2012-09-06,3.7016,4.2382,22.2094
"882",2012-06-11,"Nurse shark","M",154,NA,210,"E",2012,2012-10-04,3.6489,5.1625,153.2546
"883",2012-06-11,"Nurse shark","F",155,NA,204,"E",2012,2012-09-06,3.7016,4.2382,22.2094
"884",2012-06-11,"Nurse shark","F",155,NA,204,"E",2012,2012-10-04,3.6489,5.1625,153.2546
"885",2012-06-12,"Caribbean reef shark","M",140,150,183,"E",2012,2012-09-06,3.7016,4.2382,22.2094
"886",2012-06-12,"Caribbean reef shark","M",140,150,183,"E",2012,2012-10-04,3.6489,5.1625,153.2546
"887",2012-07-10,"Caribbean reef shark","M",56,66,78,"E",2012,2012-09-06,3.7016,4.2382,22.2094
"888",2012-07-10,"Caribbean reef shark","M",56,66,78,"E",2012,2012-10-04,3.6489,5.1625,153.2546
"889",2012-07-10,"Caribbean reef shark","M",58,64,77,"E",2012,2012-09-06,3.7016,4.2382,22.2094
"890",2012-07-10,"Caribbean reef shark","M",58,64,77,"E",2012,2012-10-04,3.6489,5.1625,153.2546
"891",2013-05-28,"Caribbean reef shark","F",103,113,140,"E",2013,2013-05-16,1.4673,1.6053,7.3363
"892",2013-05-28,"Caribbean reef shark","F",103,113,140,"E",2013,2013-07-17,2.1737,2.4643,21.7373
"893",2013-05-28,"Caribbean reef shark","M",100,111,138,"E",2013,2013-05-16,1.4673,1.6053,7.3363
"894",2013-05-28,"Caribbean reef shark","M",100,111,138,"E",2013,2013-07-17,2.1737,2.4643,21.7373
"895",2013-05-28,"Caribbean reef shark","F",125,138,171,"G",2013,2013-05-16,1.4673,1.6053,7.3363
"896",2013-05-28,"Caribbean reef shark","F",125,138,171,"G",2013,2013-07-17,2.1737,2.4643,21.7373
"897",2013-05-28,"Caribbean reef shark","M",138,152,183,"G",2013,2013-05-16,1.4673,1.6053,7.3363
"898",2013-05-28,"Caribbean reef shark","M",138,152,183,"G",2013,2013-07-17,2.1737,2.4643,21.7373
"899",2013-05-29,"Caribbean reef shark","F",69,76,96,"E",2013,2013-05-16,1.4673,1.6053,7.3363
"900",2013-05-29,"Caribbean reef shark","F",69,76,96,"E",2013,2013-07-17,2.1737,2.4643,21.7373
"901",2013-05-29,"Caribbean reef shark","M",69,77,94,"E",2013,2013-05-16,1.4673,1.6053,7.3363
"902",2013-05-29,"Caribbean reef shark","M",69,77,94,"E",2013,2013-07-17,2.1737,2.4643,21.7373
"903",2013-05-29,"Caribbean reef shark","M",68,75,93,"G",2013,2013-05-16,1.4673,1.6053,7.3363
"904",2013-05-29,"Caribbean reef shark","M",68,75,93,"G",2013,2013-07-17,2.1737,2.4643,21.7373
"905",2013-05-30,"Caribbean reef shark","F",80,89,100,"E",2013,2013-05-16,1.4673,1.6053,7.3363
"906",2013-05-30,"Caribbean reef shark","F",80,89,100,"E",2013,2013-07-17,2.1737,2.4643,21.7373
"907",2013-05-31,"Caribbean reef shark","F",66,73,88,"E",2013,2013-05-16,1.4673,1.6053,7.3363
"908",2013-05-31,"Caribbean reef shark","F",66,73,88,"E",2013,2013-07-17,2.1737,2.4643,21.7373
"909",2013-05-31,"Caribbean reef shark","F",65,72,85,"E",2013,2013-05-16,1.4673,1.6053,7.3363
"910",2013-05-31,"Caribbean reef shark","F",65,72,85,"E",2013,2013-07-17,2.1737,2.4643,21.7373
"911",2013-05-31,"Caribbean reef shark","M",135,149,181,"E",2013,2013-05-16,1.4673,1.6053,7.3363
"912",2013-05-31,"Caribbean reef shark","M",135,149,181,"E",2013,2013-07-17,2.1737,2.4643,21.7373
"913",2013-06-03,"Caribbean reef shark","F",138,157,188,"E",2013,2013-05-16,1.4673,1.6053,7.3363
"914",2013-06-03,"Caribbean reef shark","F",138,157,188,"E",2013,2013-07-17,2.1737,2.4643,21.7373
"915",2013-06-03,"Caribbean reef shark","M",67,78,93,"G",2013,2013-05-16,1.4673,1.6053,7.3363
"916",2013-06-03,"Caribbean reef shark","M",67,78,93,"G",2013,2013-07-17,2.1737,2.4643,21.7373
"917",2013-06-03,"Caribbean reef shark","M",81,90,102,"E",2013,2013-05-16,1.4673,1.6053,7.3363
"918",2013-06-03,"Caribbean reef shark","M",81,90,102,"E",2013,2013-07-17,2.1737,2.4643,21.7373
"919",2013-06-04,"Caribbean reef shark","M",68,77,92,"E",2013,2013-05-16,1.4673,1.6053,7.3363
"920",2013-06-04,"Caribbean reef shark","M",68,77,92,"E",2013,2013-07-17,2.1737,2.4643,21.7373
"921",2013-06-04,"Caribbean reef shark","M",71,82,95,"E",2013,2013-05-16,1.4673,1.6053,7.3363
"922",2013-06-04,"Caribbean reef shark","M",71,82,95,"E",2013,2013-07-17,2.1737,2.4643,21.7373
"923",2013-06-04,"Caribbean reef shark","F",70,80,95,"G",2013,2013-05-16,1.4673,1.6053,7.3363
"924",2013-06-04,"Caribbean reef shark","F",70,80,95,"G",2013,2013-07-17,2.1737,2.4643,21.7373
"925",2013-06-05,"Caribbean reef shark","F",155,168,204,"E",2013,2013-05-16,1.4673,1.6053,7.3363
"926",2013-06-05,"Caribbean reef shark","F",155,168,204,"E",2013,2013-07-17,2.1737,2.4643,21.7373
"927",2013-06-06,"Caribbean reef shark","F",68,76,92,"G",2013,2013-05-16,1.4673,1.6053,7.3363
"928",2013-06-06,"Caribbean reef shark","F",68,76,92,"G",2013,2013-07-17,2.1737,2.4643,21.7373
"929",2013-06-07,"Caribbean reef shark","M",68,76,92,"G",2013,2013-05-16,1.4673,1.6053,7.3363
"930",2013-06-07,"Caribbean reef shark","M",68,76,92,"G",2013,2013-07-17,2.1737,2.4643,21.7373
"931",2013-06-07,"Caribbean reef shark","F",80,89,100,"G",2013,2013-05-16,1.4673,1.6053,7.3363
"932",2013-06-07,"Caribbean reef shark","F",80,89,100,"G",2013,2013-07-17,2.1737,2.4643,21.7373
"933",2013-06-07,"Caribbean reef shark","M",69,77,97,"G",2013,2013-05-16,1.4673,1.6053,7.3363
"934",2013-06-07,"Caribbean reef shark","M",69,77,97,"G",2013,2013-07-17,2.1737,2.4643,21.7373
"935",2013-05-29,"Nurse shark","M",125,NA,187,"E",2013,2013-05-16,1.4673,1.6053,7.3363
"936",2013-05-29,"Nurse shark","M",125,NA,187,"E",2013,2013-07-17,2.1737,2.4643,21.7373
"937",2013-05-29,"Nurse shark","F",130,NA,175,"E",2013,2013-05-16,1.4673,1.6053,7.3363
"938",2013-05-29,"Nurse shark","F",130,NA,175,"E",2013,2013-07-17,2.1737,2.4643,21.7373
"939",2013-05-29,"Nurse shark","M",115,NA,163,"G",2013,2013-05-16,1.4673,1.6053,7.3363
"940",2013-05-29,"Nurse shark","M",115,NA,163,"G",2013,2013-07-17,2.1737,2.4643,21.7373
"941",2013-05-29,"Nurse shark","F",111,NA,149,"E",2013,2013-05-16,1.4673,1.6053,7.3363
"942",2013-05-29,"Nurse shark","F",111,NA,149,"E",2013,2013-07-17,2.1737,2.4643,21.7373
"943",2013-05-29,"Nurse shark","F",112,NA,150,"E",2013,2013-05-16,1.4673,1.6053,7.3363
"944",2013-05-29,"Nurse shark","F",112,NA,150,"E",2013,2013-07-17,2.1737,2.4643,21.7373
"945",2013-05-29,"Nurse shark","M",97,NA,140,"E",2013,2013-05-16,1.4673,1.6053,7.3363
"946",2013-05-29,"Nurse shark","M",97,NA,140,"E",2013,2013-07-17,2.1737,2.4643,21.7373
"947",2013-05-29,"Nurse shark","F",123,NA,173,"E",2013,2013-05-16,1.4673,1.6053,7.3363
"948",2013-05-29,"Nurse shark","F",123,NA,173,"E",2013,2013-07-17,2.1737,2.4643,21.7373
"949",2013-06-03,"Nurse shark","F",165,NA,220,"E",2013,2013-05-16,1.4673,1.6053,7.3363
"950",2013-06-03,"Nurse shark","F",165,NA,220,"E",2013,2013-07-17,2.1737,2.4643,21.7373
"951",2013-06-05,"Nurse shark","M",175,NA,230,"E",2013,2013-05-16,1.4673,1.6053,7.3363
"952",2013-06-05,"Nurse shark","M",175,NA,230,"E",2013,2013-07-17,2.1737,2.4643,21.7373
"953",2013-06-06,"Nurse shark","F",150,NA,210,"E",2013,2013-05-16,1.4673,1.6053,7.3363
"954",2013-06-06,"Nurse shark","F",150,NA,210,"E",2013,2013-07-17,2.1737,2.4643,21.7373
"955",2013-06-06,"Nurse shark","M",98,NA,150,"E",2013,2013-05-16,1.4673,1.6053,7.3363
"956",2013-06-06,"Nurse shark","M",98,NA,150,"E",2013,2013-07-17,2.1737,2.4643,21.7373
"957",2013-06-06,"Nurse shark","M",120,NA,151,"E",2013,2013-05-16,1.4673,1.6053,7.3363
"958",2013-06-06,"Nurse shark","M",120,NA,151,"E",2013,2013-07-17,2.1737,2.4643,21.7373
"959",2013-06-06,"Nurse shark","M",139,NA,195,"E",2013,2013-05-16,1.4673,1.6053,7.3363
"960",2013-06-06,"Nurse shark","M",139,NA,195,"E",2013,2013-07-17,2.1737,2.4643,21.7373
"961",2013-06-06,"Nurse shark","M",137,NA,194,"E",2013,2013-05-16,1.4673,1.6053,7.3363
"962",2013-06-06,"Nurse shark","M",137,NA,194,"E",2013,2013-07-17,2.1737,2.4643,21.7373
"963",2013-06-06,"Nurse shark","M",135,NA,186,"E",2013,2013-05-16,1.4673,1.6053,7.3363
"964",2013-06-06,"Nurse shark","M",135,NA,186,"E",2013,2013-07-17,2.1737,2.4643,21.7373
"965",2013-06-06,"Nurse shark","F",142,NA,199,"E",2013,2013-05-16,1.4673,1.6053,7.3363
"966",2013-06-06,"Nurse shark","F",142,NA,199,"E",2013,2013-07-17,2.1737,2.4643,21.7373
"967",2013-06-06,"Nurse shark","M",119,NA,169,"E",2013,2013-05-16,1.4673,1.6053,7.3363
"968",2013-06-06,"Nurse shark","M",119,NA,169,"E",2013,2013-07-17,2.1737,2.4643,21.7373
"969",2013-06-07,"Nurse shark","M",108,NA,135,"E",2013,2013-05-16,1.4673,1.6053,7.3363
"970",2013-06-07,"Nurse shark","M",108,NA,135,"E",2013,2013-07-17,2.1737,2.4643,21.7373
"971",2013-06-07,"Nurse shark","F",131,NA,160,"E",2013,2013-05-16,1.4673,1.6053,7.3363
"972",2013-06-07,"Nurse shark","F",131,NA,160,"E",2013,2013-07-17,2.1737,2.4643,21.7373
"973",2013-06-07,"Nurse shark","F",112,NA,176,"E",2013,2013-05-16,1.4673,1.6053,7.3363
"974",2013-06-07,"Nurse shark","F",112,NA,176,"E",2013,2013-07-17,2.1737,2.4643,21.7373
"975",2013-06-13,"Nurse shark","F",91,NA,158,"E",2013,2013-05-16,1.4673,1.6053,7.3363
"976",2013-06-13,"Nurse shark","F",91,NA,158,"E",2013,2013-07-17,2.1737,2.4643,21.7373
"977",2013-06-13,"Nurse shark","M",123,NA,165,"E",2013,2013-05-16,1.4673,1.6053,7.3363
"978",2013-06-13,"Nurse shark","M",123,NA,165,"E",2013,2013-07-17,2.1737,2.4643,21.7373
"979",2013-06-14,"Nurse shark","M",105,NA,150,"E",2013,2013-05-16,1.4673,1.6053,7.3363
"980",2013-06-14,"Nurse shark","M",105,NA,150,"E",2013,2013-07-17,2.1737,2.4643,21.7373
"981",2013-06-14,"Nurse shark","M",111,NA,160,"E",2013,2013-05-16,1.4673,1.6053,7.3363
"982",2013-06-14,"Nurse shark","M",111,NA,160,"E",2013,2013-07-17,2.1737,2.4643,21.7373
"983",2013-06-15,"Nurse shark","F",160,NA,210,"E",2013,2013-05-16,1.4673,1.6053,7.3363
"984",2013-06-15,"Nurse shark","F",160,NA,210,"E",2013,2013-07-17,2.1737,2.4643,21.7373
"985",2013-06-15,"Nurse shark","F",200,NA,230,"E",2013,2013-05-16,1.4673,1.6053,7.3363
"986",2013-06-15,"Nurse shark","F",200,NA,230,"E",2013,2013-07-17,2.1737,2.4643,21.7373
"987",2013-06-15,"Nurse shark","F",170,NA,228,"E",2013,2013-05-16,1.4673,1.6053,7.3363
"988",2013-06-15,"Nurse shark","F",170,NA,228,"E",2013,2013-07-17,2.1737,2.4643,21.7373
"989",2013-06-16,"Nurse shark","M",150,NA,200,"E",2013,2013-05-16,1.4673,1.6053,7.3363
"990",2013-06-16,"Nurse shark","M",150,NA,200,"E",2013,2013-07-17,2.1737,2.4643,21.7373
"991",2014-05-29,"Nurse shark","M",98,NA,142,"E",2014,2014-05-01,1.3709,1.6428,9.5964
"992",2014-05-29,"Nurse shark","M",98,NA,142,"E",2014,2014-07-05,2.2189,3.8736,130.9127
"993",2014-05-29,"Nurse shark","M",98,NA,142,"E",2014,2014-08-03,2.3834,2.7431,23.8337
"994",2014-05-29,"Nurse shark","M",98,NA,142,"E",2014,2014-08-27,2.868,3.9655,43.0205
"995",2014-05-29,"Nurse shark","M",98,NA,142,"E",2014,2014-09-13,2.5214,4.4081,769.0157
"996",2014-05-29,"Nurse shark","F",11,NA,171.5,"E",2014,2014-05-01,1.3709,1.6428,9.5964
"997",2014-05-29,"Nurse shark","F",11,NA,171.5,"E",2014,2014-07-05,2.2189,3.8736,130.9127
"998",2014-05-29,"Nurse shark","F",11,NA,171.5,"E",2014,2014-08-03,2.3834,2.7431,23.8337
"999",2014-05-29,"Nurse shark","F",11,NA,171.5,"E",2014,2014-08-27,2.868,3.9655,43.0205
"1000",2014-05-29,"Nurse shark","F",11,NA,171.5,"E",2014,2014-09-13,2.5214,4.4081,769.0157
"1001",2014-05-30,"Nurse shark","F",64,NA,95,"E",2014,2014-05-01,1.3709,1.6428,9.5964
"1002",2014-05-30,"Nurse shark","F",64,NA,95,"E",2014,2014-07-05,2.2189,3.8736,130.9127
"1003",2014-05-30,"Nurse shark","F",64,NA,95,"E",2014,2014-08-03,2.3834,2.7431,23.8337
"1004",2014-05-30,"Nurse shark","F",64,NA,95,"E",2014,2014-08-27,2.868,3.9655,43.0205
"1005",2014-05-30,"Nurse shark","F",64,NA,95,"E",2014,2014-09-13,2.5214,4.4081,769.0157
"1006",2014-05-30,"Nurse shark","M",101,NA,155,"E",2014,2014-05-01,1.3709,1.6428,9.5964
"1007",2014-05-30,"Nurse shark","M",101,NA,155,"E",2014,2014-07-05,2.2189,3.8736,130.9127
"1008",2014-05-30,"Nurse shark","M",101,NA,155,"E",2014,2014-08-03,2.3834,2.7431,23.8337
"1009",2014-05-30,"Nurse shark","M",101,NA,155,"E",2014,2014-08-27,2.868,3.9655,43.0205
"1010",2014-05-30,"Nurse shark","M",101,NA,155,"E",2014,2014-09-13,2.5214,4.4081,769.0157
"1011",2014-05-30,"Nurse shark","M",113,NA,166,"E",2014,2014-05-01,1.3709,1.6428,9.5964
"1012",2014-05-30,"Nurse shark","M",113,NA,166,"E",2014,2014-07-05,2.2189,3.8736,130.9127
"1013",2014-05-30,"Nurse shark","M",113,NA,166,"E",2014,2014-08-03,2.3834,2.7431,23.8337
"1014",2014-05-30,"Nurse shark","M",113,NA,166,"E",2014,2014-08-27,2.868,3.9655,43.0205
"1015",2014-05-30,"Nurse shark","M",113,NA,166,"E",2014,2014-09-13,2.5214,4.4081,769.0157
"1016",2014-06-07,"Nurse shark","M",100,NA,145,"E",2014,2014-05-01,1.3709,1.6428,9.5964
"1017",2014-06-07,"Nurse shark","M",100,NA,145,"E",2014,2014-07-05,2.2189,3.8736,130.9127
"1018",2014-06-07,"Nurse shark","M",100,NA,145,"E",2014,2014-08-03,2.3834,2.7431,23.8337
"1019",2014-06-07,"Nurse shark","M",100,NA,145,"E",2014,2014-08-27,2.868,3.9655,43.0205
"1020",2014-06-07,"Nurse shark","M",100,NA,145,"E",2014,2014-09-13,2.5214,4.4081,769.0157
"1021",2014-06-07,"Nurse shark","M",110,NA,165,"E",2014,2014-05-01,1.3709,1.6428,9.5964
"1022",2014-06-07,"Nurse shark","M",110,NA,165,"E",2014,2014-07-05,2.2189,3.8736,130.9127
"1023",2014-06-07,"Nurse shark","M",110,NA,165,"E",2014,2014-08-03,2.3834,2.7431,23.8337
"1024",2014-06-07,"Nurse shark","M",110,NA,165,"E",2014,2014-08-27,2.868,3.9655,43.0205
"1025",2014-06-07,"Nurse shark","M",110,NA,165,"E",2014,2014-09-13,2.5214,4.4081,769.0157
"1026",2014-06-07,"Nurse shark","F",103,NA,146,"E",2014,2014-05-01,1.3709,1.6428,9.5964
"1027",2014-06-07,"Nurse shark","F",103,NA,146,"E",2014,2014-07-05,2.2189,3.8736,130.9127
"1028",2014-06-07,"Nurse shark","F",103,NA,146,"E",2014,2014-08-03,2.3834,2.7431,23.8337
"1029",2014-06-07,"Nurse shark","F",103,NA,146,"E",2014,2014-08-27,2.868,3.9655,43.0205
"1030",2014-06-07,"Nurse shark","F",103,NA,146,"E",2014,2014-09-13,2.5214,4.4081,769.0157
"1031",2014-06-07,"Nurse shark","M",109,NA,158,"E",2014,2014-05-01,1.3709,1.6428,9.5964
"1032",2014-06-07,"Nurse shark","M",109,NA,158,"E",2014,2014-07-05,2.2189,3.8736,130.9127
"1033",2014-06-07,"Nurse shark","M",109,NA,158,"E",2014,2014-08-03,2.3834,2.7431,23.8337
"1034",2014-06-07,"Nurse shark","M",109,NA,158,"E",2014,2014-08-27,2.868,3.9655,43.0205
"1035",2014-06-07,"Nurse shark","M",109,NA,158,"E",2014,2014-09-13,2.5214,4.4081,769.0157
"1036",2014-06-08,"Nurse shark","F",150,NA,216,"E",2014,2014-05-01,1.3709,1.6428,9.5964
"1037",2014-06-08,"Nurse shark","F",150,NA,216,"E",2014,2014-07-05,2.2189,3.8736,130.9127
"1038",2014-06-08,"Nurse shark","F",150,NA,216,"E",2014,2014-08-03,2.3834,2.7431,23.8337
"1039",2014-06-08,"Nurse shark","F",150,NA,216,"E",2014,2014-08-27,2.868,3.9655,43.0205
"1040",2014-06-08,"Nurse shark","F",150,NA,216,"E",2014,2014-09-13,2.5214,4.4081,769.0157
"1041",2014-06-08,"Nurse shark","F",110,NA,210,"E",2014,2014-05-01,1.3709,1.6428,9.5964
"1042",2014-06-08,"Nurse shark","F",110,NA,210,"E",2014,2014-07-05,2.2189,3.8736,130.9127
"1043",2014-06-08,"Nurse shark","F",110,NA,210,"E",2014,2014-08-03,2.3834,2.7431,23.8337
"1044",2014-06-08,"Nurse shark","F",110,NA,210,"E",2014,2014-08-27,2.868,3.9655,43.0205
"1045",2014-06-08,"Nurse shark","F",110,NA,210,"E",2014,2014-09-13,2.5214,4.4081,769.0157
"1046",2014-06-23,"Nurse shark","M",154,NA,228,"E",2014,2014-05-01,1.3709,1.6428,9.5964
"1047",2014-06-23,"Nurse shark","M",154,NA,228,"E",2014,2014-07-05,2.2189,3.8736,130.9127
"1048",2014-06-23,"Nurse shark","M",154,NA,228,"E",2014,2014-08-03,2.3834,2.7431,23.8337
"1049",2014-06-23,"Nurse shark","M",154,NA,228,"E",2014,2014-08-27,2.868,3.9655,43.0205
"1050",2014-06-23,"Nurse shark","M",154,NA,228,"E",2014,2014-09-13,2.5214,4.4081,769.0157
"1051",2014-06-23,"Nurse shark","M",145,NA,212,"E",2014,2014-05-01,1.3709,1.6428,9.5964
"1052",2014-06-23,"Nurse shark","M",145,NA,212,"E",2014,2014-07-05,2.2189,3.8736,130.9127
"1053",2014-06-23,"Nurse shark","M",145,NA,212,"E",2014,2014-08-03,2.3834,2.7431,23.8337
"1054",2014-06-23,"Nurse shark","M",145,NA,212,"E",2014,2014-08-27,2.868,3.9655,43.0205
"1055",2014-06-23,"Nurse shark","M",145,NA,212,"E",2014,2014-09-13,2.5214,4.4081,769.0157
"1056",2014-06-23,"Nurse shark","F",110,NA,160,"E",2014,2014-05-01,1.3709,1.6428,9.5964
"1057",2014-06-23,"Nurse shark","F",110,NA,160,"E",2014,2014-07-05,2.2189,3.8736,130.9127
"1058",2014-06-23,"Nurse shark","F",110,NA,160,"E",2014,2014-08-03,2.3834,2.7431,23.8337
"1059",2014-06-23,"Nurse shark","F",110,NA,160,"E",2014,2014-08-27,2.868,3.9655,43.0205
"1060",2014-06-23,"Nurse shark","F",110,NA,160,"E",2014,2014-09-13,2.5214,4.4081,769.0157
"1061",2014-06-23,"Nurse shark","M",160,NA,228,"E",2014,2014-05-01,1.3709,1.6428,9.5964
"1062",2014-06-23,"Nurse shark","M",160,NA,228,"E",2014,2014-07-05,2.2189,3.8736,130.9127
"1063",2014-06-23,"Nurse shark","M",160,NA,228,"E",2014,2014-08-03,2.3834,2.7431,23.8337
"1064",2014-06-23,"Nurse shark","M",160,NA,228,"E",2014,2014-08-27,2.868,3.9655,43.0205
"1065",2014-06-23,"Nurse shark","M",160,NA,228,"E",2014,2014-09-13,2.5214,4.4081,769.0157
"1066",2014-06-24,"Nurse shark","M",110,NA,157,"E",2014,2014-05-01,1.3709,1.6428,9.5964
"1067",2014-06-24,"Nurse shark","M",110,NA,157,"E",2014,2014-07-05,2.2189,3.8736,130.9127
"1068",2014-06-24,"Nurse shark","M",110,NA,157,"E",2014,2014-08-03,2.3834,2.7431,23.8337
"1069",2014-06-24,"Nurse shark","M",110,NA,157,"E",2014,2014-08-27,2.868,3.9655,43.0205
"1070",2014-06-24,"Nurse shark","M",110,NA,157,"E",2014,2014-09-13,2.5214,4.4081,769.0157
"1071",2014-06-25,"Nurse shark","M",111,NA,162,"E",2014,2014-05-01,1.3709,1.6428,9.5964
"1072",2014-06-25,"Nurse shark","M",111,NA,162,"E",2014,2014-07-05,2.2189,3.8736,130.9127
"1073",2014-06-25,"Nurse shark","M",111,NA,162,"E",2014,2014-08-03,2.3834,2.7431,23.8337
"1074",2014-06-25,"Nurse shark","M",111,NA,162,"E",2014,2014-08-27,2.868,3.9655,43.0205
"1075",2014-06-25,"Nurse shark","M",111,NA,162,"E",2014,2014-09-13,2.5214,4.4081,769.0157
"1076",2014-06-25,"Nurse shark","M",159,NA,227,"E",2014,2014-05-01,1.3709,1.6428,9.5964
"1077",2014-06-25,"Nurse shark","M",159,NA,227,"E",2014,2014-07-05,2.2189,3.8736,130.9127
"1078",2014-06-25,"Nurse shark","M",159,NA,227,"E",2014,2014-08-03,2.3834,2.7431,23.8337
"1079",2014-06-25,"Nurse shark","M",159,NA,227,"E",2014,2014-08-27,2.868,3.9655,43.0205
"1080",2014-06-25,"Nurse shark","M",159,NA,227,"E",2014,2014-09-13,2.5214,4.4081,769.0157
"1081",2014-06-25,"Nurse shark","M",155,NA,204,"E",2014,2014-05-01,1.3709,1.6428,9.5964
"1082",2014-06-25,"Nurse shark","M",155,NA,204,"E",2014,2014-07-05,2.2189,3.8736,130.9127
"1083",2014-06-25,"Nurse shark","M",155,NA,204,"E",2014,2014-08-03,2.3834,2.7431,23.8337
"1084",2014-06-25,"Nurse shark","M",155,NA,204,"E",2014,2014-08-27,2.868,3.9655,43.0205
"1085",2014-06-25,"Nurse shark","M",155,NA,204,"E",2014,2014-09-13,2.5214,4.4081,769.0157
"1086",2014-06-25,"Nurse shark","M",132,NA,202,"E",2014,2014-05-01,1.3709,1.6428,9.5964
"1087",2014-06-25,"Nurse shark","M",132,NA,202,"E",2014,2014-07-05,2.2189,3.8736,130.9127
"1088",2014-06-25,"Nurse shark","M",132,NA,202,"E",2014,2014-08-03,2.3834,2.7431,23.8337
"1089",2014-06-25,"Nurse shark","M",132,NA,202,"E",2014,2014-08-27,2.868,3.9655,43.0205
"1090",2014-06-25,"Nurse shark","M",132,NA,202,"E",2014,2014-09-13,2.5214,4.4081,769.0157
"1091",2014-06-25,"Caribbean reef shark","F",167,178,218,"E",2014,2014-05-01,1.3709,1.6428,9.5964
"1092",2014-06-25,"Caribbean reef shark","F",167,178,218,"E",2014,2014-07-05,2.2189,3.8736,130.9127
"1093",2014-06-25,"Caribbean reef shark","F",167,178,218,"E",2014,2014-08-03,2.3834,2.7431,23.8337
"1094",2014-06-25,"Caribbean reef shark","F",167,178,218,"E",2014,2014-08-27,2.868,3.9655,43.0205
"1095",2014-06-25,"Caribbean reef shark","F",167,178,218,"E",2014,2014-09-13,2.5214,4.4081,769.0157
"1096",2014-06-26,"Nurse shark","F",142,NA,200,"E",2014,2014-05-01,1.3709,1.6428,9.5964
"1097",2014-06-26,"Nurse shark","F",142,NA,200,"E",2014,2014-07-05,2.2189,3.8736,130.9127
"1098",2014-06-26,"Nurse shark","F",142,NA,200,"E",2014,2014-08-03,2.3834,2.7431,23.8337
"1099",2014-06-26,"Nurse shark","F",142,NA,200,"E",2014,2014-08-27,2.868,3.9655,43.0205
"1100",2014-06-26,"Nurse shark","F",142,NA,200,"E",2014,2014-09-13,2.5214,4.4081,769.0157
"1101",2014-06-26,"Nurse shark","M",98,NA,139,"E",2014,2014-05-01,1.3709,1.6428,9.5964
"1102",2014-06-26,"Nurse shark","M",98,NA,139,"E",2014,2014-07-05,2.2189,3.8736,130.9127
"1103",2014-06-26,"Nurse shark","M",98,NA,139,"E",2014,2014-08-03,2.3834,2.7431,23.8337
"1104",2014-06-26,"Nurse shark","M",98,NA,139,"E",2014,2014-08-27,2.868,3.9655,43.0205
"1105",2014-06-26,"Nurse shark","M",98,NA,139,"E",2014,2014-09-13,2.5214,4.4081,769.0157
"1106",2014-06-27,"Nurse shark","M",115,NA,166,"E",2014,2014-05-01,1.3709,1.6428,9.5964
"1107",2014-06-27,"Nurse shark","M",115,NA,166,"E",2014,2014-07-05,2.2189,3.8736,130.9127
"1108",2014-06-27,"Nurse shark","M",115,NA,166,"E",2014,2014-08-03,2.3834,2.7431,23.8337
"1109",2014-06-27,"Nurse shark","M",115,NA,166,"E",2014,2014-08-27,2.868,3.9655,43.0205
"1110",2014-06-27,"Nurse shark","M",115,NA,166,"E",2014,2014-09-13,2.5214,4.4081,769.0157
"1111",2014-07-26,"Nurse shark","M",115,NA,163,"E",2014,2014-05-01,1.3709,1.6428,9.5964
"1112",2014-07-26,"Nurse shark","M",115,NA,163,"E",2014,2014-07-05,2.2189,3.8736,130.9127
"1113",2014-07-26,"Nurse shark","M",115,NA,163,"E",2014,2014-08-03,2.3834,2.7431,23.8337
"1114",2014-07-26,"Nurse shark","M",115,NA,163,"E",2014,2014-08-27,2.868,3.9655,43.0205
"1115",2014-07-26,"Nurse shark","M",115,NA,163,"E",2014,2014-09-13,2.5214,4.4081,769.0157
"1116",2014-07-27,"Caribbean reef shark","M",78,82,100,"F",2014,2014-05-01,1.3709,1.6428,9.5964
"1117",2014-07-27,"Caribbean reef shark","M",78,82,100,"F",2014,2014-07-05,2.2189,3.8736,130.9127
"1118",2014-07-27,"Caribbean reef shark","M",78,82,100,"F",2014,2014-08-03,2.3834,2.7431,23.8337
"1119",2014-07-27,"Caribbean reef shark","M",78,82,100,"F",2014,2014-08-27,2.868,3.9655,43.0205
"1120",2014-07-27,"Caribbean reef shark","M",78,82,100,"F",2014,2014-09-13,2.5214,4.4081,769.0157
"1121",2014-07-27,"Nurse shark","F",139,NA,205,"E",2014,2014-05-01,1.3709,1.6428,9.5964
"1122",2014-07-27,"Nurse shark","F",139,NA,205,"E",2014,2014-07-05,2.2189,3.8736,130.9127
"1123",2014-07-27,"Nurse shark","F",139,NA,205,"E",2014,2014-08-03,2.3834,2.7431,23.8337
"1124",2014-07-27,"Nurse shark","F",139,NA,205,"E",2014,2014-08-27,2.868,3.9655,43.0205
"1125",2014-07-27,"Nurse shark","F",139,NA,205,"E",2014,2014-09-13,2.5214,4.4081,769.0157
"1126",2014-07-27,"Nurse shark","M",145,NA,209,"E",2014,2014-05-01,1.3709,1.6428,9.5964
"1127",2014-07-27,"Nurse shark","M",145,NA,209,"E",2014,2014-07-05,2.2189,3.8736,130.9127
"1128",2014-07-27,"Nurse shark","M",145,NA,209,"E",2014,2014-08-03,2.3834,2.7431,23.8337
"1129",2014-07-27,"Nurse shark","M",145,NA,209,"E",2014,2014-08-27,2.868,3.9655,43.0205
"1130",2014-07-27,"Nurse shark","M",145,NA,209,"E",2014,2014-09-13,2.5214,4.4081,769.0157
"1131",2014-07-28,"Nurse shark","M",155,NA,210,"E",2014,2014-05-01,1.3709,1.6428,9.5964
"1132",2014-07-28,"Nurse shark","M",155,NA,210,"E",2014,2014-07-05,2.2189,3.8736,130.9127
"1133",2014-07-28,"Nurse shark","M",155,NA,210,"E",2014,2014-08-03,2.3834,2.7431,23.8337
"1134",2014-07-28,"Nurse shark","M",155,NA,210,"E",2014,2014-08-27,2.868,3.9655,43.0205
"1135",2014-07-28,"Nurse shark","M",155,NA,210,"E",2014,2014-09-13,2.5214,4.4081,769.0157
"1136",2014-07-29,"Caribbean reef shark","F",92,99,123,"E",2014,2014-05-01,1.3709,1.6428,9.5964
"1137",2014-07-29,"Caribbean reef shark","F",92,99,123,"E",2014,2014-07-05,2.2189,3.8736,130.9127
"1138",2014-07-29,"Caribbean reef shark","F",92,99,123,"E",2014,2014-08-03,2.3834,2.7431,23.8337
"1139",2014-07-29,"Caribbean reef shark","F",92,99,123,"E",2014,2014-08-27,2.868,3.9655,43.0205
"1140",2014-07-29,"Caribbean reef shark","F",92,99,123,"E",2014,2014-09-13,2.5214,4.4081,769.0157
"1141",2014-07-29,"Caribbean reef shark","M",75,83,105,"E",2014,2014-05-01,1.3709,1.6428,9.5964
"1142",2014-07-29,"Caribbean reef shark","M",75,83,105,"E",2014,2014-07-05,2.2189,3.8736,130.9127
"1143",2014-07-29,"Caribbean reef shark","M",75,83,105,"E",2014,2014-08-03,2.3834,2.7431,23.8337
"1144",2014-07-29,"Caribbean reef shark","M",75,83,105,"E",2014,2014-08-27,2.868,3.9655,43.0205
"1145",2014-07-29,"Caribbean reef shark","M",75,83,105,"E",2014,2014-09-13,2.5214,4.4081,769.0157
"1146",2014-07-29,"Caribbean reef shark","F",70,77,95,"E",2014,2014-05-01,1.3709,1.6428,9.5964
"1147",2014-07-29,"Caribbean reef shark","F",70,77,95,"E",2014,2014-07-05,2.2189,3.8736,130.9127
"1148",2014-07-29,"Caribbean reef shark","F",70,77,95,"E",2014,2014-08-03,2.3834,2.7431,23.8337
"1149",2014-07-29,"Caribbean reef shark","F",70,77,95,"E",2014,2014-08-27,2.868,3.9655,43.0205
"1150",2014-07-29,"Caribbean reef shark","F",70,77,95,"E",2014,2014-09-13,2.5214,4.4081,769.0157
"1151",2014-07-29,"Nurse shark","M",143,NA,208,"E",2014,2014-05-01,1.3709,1.6428,9.5964
"1152",2014-07-29,"Nurse shark","M",143,NA,208,"E",2014,2014-07-05,2.2189,3.8736,130.9127
"1153",2014-07-29,"Nurse shark","M",143,NA,208,"E",2014,2014-08-03,2.3834,2.7431,23.8337
"1154",2014-07-29,"Nurse shark","M",143,NA,208,"E",2014,2014-08-27,2.868,3.9655,43.0205
"1155",2014-07-29,"Nurse shark","M",143,NA,208,"E",2014,2014-09-13,2.5214,4.4081,769.0157
"1156",2014-07-29,"Nurse shark","M",111,NA,162,"E",2014,2014-05-01,1.3709,1.6428,9.5964
"1157",2014-07-29,"Nurse shark","M",111,NA,162,"E",2014,2014-07-05,2.2189,3.8736,130.9127
"1158",2014-07-29,"Nurse shark","M",111,NA,162,"E",2014,2014-08-03,2.3834,2.7431,23.8337
"1159",2014-07-29,"Nurse shark","M",111,NA,162,"E",2014,2014-08-27,2.868,3.9655,43.0205
"1160",2014-07-29,"Nurse shark","M",111,NA,162,"E",2014,2014-09-13,2.5214,4.4081,769.0157
"1161",2014-07-25,"Nurse shark","M",120,NA,215,"E",2014,2014-05-01,1.3709,1.6428,9.5964
"1162",2014-07-25,"Nurse shark","M",120,NA,215,"E",2014,2014-07-05,2.2189,3.8736,130.9127
"1163",2014-07-25,"Nurse shark","M",120,NA,215,"E",2014,2014-08-03,2.3834,2.7431,23.8337
"1164",2014-07-25,"Nurse shark","M",120,NA,215,"E",2014,2014-08-27,2.868,3.9655,43.0205
"1165",2014-07-25,"Nurse shark","M",120,NA,215,"E",2014,2014-09-13,2.5214,4.4081,769.0157
"1166",2014-07-26,"Nurse shark","M",160,NA,225,"E",2014,2014-05-01,1.3709,1.6428,9.5964
"1167",2014-07-26,"Nurse shark","M",160,NA,225,"E",2014,2014-07-05,2.2189,3.8736,130.9127
"1168",2014-07-26,"Nurse shark","M",160,NA,225,"E",2014,2014-08-03,2.3834,2.7431,23.8337
"1169",2014-07-26,"Nurse shark","M",160,NA,225,"E",2014,2014-08-27,2.868,3.9655,43.0205
"1170",2014-07-26,"Nurse shark","M",160,NA,225,"E",2014,2014-09-13,2.5214,4.4081,769.0157
"1171",2014-07-28,"Nurse shark","M",150,NA,220,"E",2014,2014-05-01,1.3709,1.6428,9.5964
"1172",2014-07-28,"Nurse shark","M",150,NA,220,"E",2014,2014-07-05,2.2189,3.8736,130.9127
"1173",2014-07-28,"Nurse shark","M",150,NA,220,"E",2014,2014-08-03,2.3834,2.7431,23.8337
"1174",2014-07-28,"Nurse shark","M",150,NA,220,"E",2014,2014-08-27,2.868,3.9655,43.0205
"1175",2014-07-28,"Nurse shark","M",150,NA,220,"E",2014,2014-09-13,2.5214,4.4081,769.0157
