"","X","Date.x","Species","sex","standard_length","fork_length","total_length","Condition","year","Date.y","intensity_mean","intensity_max","intensity_cumulative"
"1",1,"2000-06-27","Other","F",76,NA,NA,"G",2000,"2000-06-26",1.9258,2.4805,21.184
"2",2,"2000-06-27","Nurse shark","F",99,NA,145,"E",2000,"2000-06-26",1.9258,2.4805,21.184
"3",3,"2000-06-27","Nurse shark","F",100,NA,144,"E",2000,"2000-06-26",1.9258,2.4805,21.184
"4",4,"2000-06-27","Nurse shark","M",98,NA,135,"E",2000,"2000-06-26",1.9258,2.4805,21.184
"5",5,"2000-06-27","Nurse shark","F",116,NA,174,"E",2000,"2000-06-26",1.9258,2.4805,21.184
"6",6,"2000-06-27","Other","F",101,NA,130,"G",2000,"2000-06-26",1.9258,2.4805,21.184
"7",7,"2000-06-27","Other","M",132,NA,173,"F",2000,"2000-06-26",1.9258,2.4805,21.184
"8",8,"2000-06-28","Caribbean reef shark","M",100,NA,138,"F",2000,"2000-06-26",1.9258,2.4805,21.184
"9",9,"2000-06-28","Caribbean reef shark","F",81,NA,110,"F",2000,"2000-06-26",1.9258,2.4805,21.184
"10",10,"2000-06-28","Caribbean reef shark","F",84,NA,113,"F",2000,"2000-06-26",1.9258,2.4805,21.184
"11",11,"2000-06-28","Caribbean reef shark","M",81,NA,109,"F",2000,"2000-06-26",1.9258,2.4805,21.184
"12",12,"2000-06-28","Caribbean reef shark","M",98,NA,136,"F",2000,"2000-06-26",1.9258,2.4805,21.184
"13",13,"2000-06-28","Other","F",80,NA,NA,"G",2000,"2000-06-26",1.9258,2.4805,21.184
"14",14,"2000-06-28","Other","F",84,NA,NA,"G",2000,"2000-06-26",1.9258,2.4805,21.184
"15",15,"2000-06-28","Nurse shark","F",114,NA,161,"E",2000,"2000-06-26",1.9258,2.4805,21.184
"16",16,"2000-06-28","Nurse shark","M",169,NA,231,"E",2000,"2000-06-26",1.9258,2.4805,21.184
"17",17,"2000-06-28","Nurse shark","F",84,NA,121,"E",2000,"2000-06-26",1.9258,2.4805,21.184
"18",18,"2000-06-28","Nurse shark","M",161,NA,212,"E",2000,"2000-06-26",1.9258,2.4805,21.184
"19",19,"2000-06-28","Nurse shark","F",100,NA,145,"E",2000,"2000-06-26",1.9258,2.4805,21.184
"20",20,"2000-06-29","Nurse shark","M",145,NA,208,"E",2000,"2000-06-26",1.9258,2.4805,21.184
"21",21,"2000-06-28","Nurse shark","M",147,NA,210,"E",2000,"2000-06-26",1.9258,2.4805,21.184
"22",22,"2000-06-28","Other","F",83,NA,104,"E",2000,"2000-06-26",1.9258,2.4805,21.184
"23",23,"2000-06-29","Caribbean reef shark","F",59,NA,81,"P",2000,"2000-06-26",1.9258,2.4805,21.184
"24",24,"2000-06-29","Nurse shark","F",108,NA,147,"E",2000,"2000-06-26",1.9258,2.4805,21.184
"25",25,"2000-06-30","Other","F",100,NA,NA,"E",2000,"2000-06-26",1.9258,2.4805,21.184
"26",26,"2000-06-30","Nurse shark","F",85,NA,120,"G",2000,"2000-06-26",1.9258,2.4805,21.184
"27",27,"2000-06-30","Nurse shark","M",142,NA,205,"E",2000,"2000-06-26",1.9258,2.4805,21.184
"28",28,"2000-06-30","Nurse shark","F",101,NA,147,"E",2000,"2000-06-26",1.9258,2.4805,21.184
"29",29,"2000-06-30","Nurse shark","F",105,NA,131,"F",2000,"2000-06-26",1.9258,2.4805,21.184
"30",30,"2000-06-30","Nurse shark","F",150,NA,207,"E",2000,"2000-06-26",1.9258,2.4805,21.184
"31",31,"2000-06-30","Nurse shark","M",128,NA,191,"E",2000,"2000-06-26",1.9258,2.4805,21.184
"32",32,"2000-06-30","Nurse shark","M",124,NA,168,"E",2000,"2000-06-26",1.9258,2.4805,21.184
"33",33,"2000-06-30","Nurse shark","F",111,NA,154,"E",2000,"2000-06-26",1.9258,2.4805,21.184
"34",34,"2000-06-30","Nurse shark","M",127,NA,164,"E",2000,"2000-06-26",1.9258,2.4805,21.184
"35",35,"2000-06-30","Nurse shark","F",141,NA,210,"E",2000,"2000-06-26",1.9258,2.4805,21.184
"36",36,"2000-06-30","Nurse shark","F",100,NA,140,"G",2000,"2000-06-26",1.9258,2.4805,21.184
"37",37,"2000-06-30","Nurse shark","F",78,NA,106,"E",2000,"2000-06-26",1.9258,2.4805,21.184
"38",38,"2000-07-01","Caribbean reef shark","F",85,NA,112,"G",2000,"2000-06-26",1.9258,2.4805,21.184
"39",39,"2000-07-01","Other","F",112,NA,154,"D",2000,"2000-06-26",1.9258,2.4805,21.184
"40",40,"2000-07-01","Caribbean reef shark","F",141,NA,187,"G",2000,"2000-06-26",1.9258,2.4805,21.184
"41",41,"2000-07-02","Nurse shark","M",127,NA,180,"E",2000,"2000-06-26",1.9258,2.4805,21.184
"42",42,"2000-07-04","Caribbean reef shark","F",80,NA,108,"G",2000,"2000-06-26",1.9258,2.4805,21.184
"43",43,"2000-07-04","Nurse shark","M",115,NA,165,"E",2000,"2000-06-26",1.9258,2.4805,21.184
"44",44,"2000-07-04","Caribbean reef shark","M",76,NA,102,"G",2000,"2000-06-26",1.9258,2.4805,21.184
"45",45,"2000-07-04","Caribbean reef shark","M",95,NA,130,"E",2000,"2000-06-26",1.9258,2.4805,21.184
"46",46,"2000-07-04","Nurse shark","M",147,NA,207,"E",2000,"2000-06-26",1.9258,2.4805,21.184
"47",47,"2000-07-04","Nurse shark","M",135,NA,176,"E",2000,"2000-06-26",1.9258,2.4805,21.184
"48",48,"2000-07-04","Nurse shark","M",150,NA,209,"E",2000,"2000-06-26",1.9258,2.4805,21.184
"49",49,"2000-07-04","Nurse shark","F",115,NA,165,"P",2000,"2000-06-26",1.9258,2.4805,21.184
"50",50,"2000-07-04","Nurse shark","F",96,NA,132,"E",2000,"2000-06-26",1.9258,2.4805,21.184
"51",51,"2000-07-04","Nurse shark","M",NA,NA,140,"E",2000,"2000-06-26",1.9258,2.4805,21.184
"52",52,"2000-07-04","Nurse shark","F",126,NA,180,"E",2000,"2000-06-26",1.9258,2.4805,21.184
"53",53,"2000-07-06","Other","F",110,NA,NA,"G",2000,"2000-06-26",1.9258,2.4805,21.184
"54",54,"2000-07-06","Nurse shark","F",130,NA,183,"E",2000,"2000-06-26",1.9258,2.4805,21.184
"55",55,"2000-07-06","Nurse shark","M",155,NA,215,"E",2000,"2000-06-26",1.9258,2.4805,21.184
"56",56,"2000-07-06","Nurse shark","M",165,NA,231,"E",2000,"2000-06-26",1.9258,2.4805,21.184
"57",57,"2000-07-06","Other","F",83,NA,106,"E",2000,"2000-06-26",1.9258,2.4805,21.184
"58",58,"2001-05-18","Caribbean reef shark","F",85,98.4,117.4,"G",2001,"2001-07-06",1.9675,2.7871,27.5452
"59",59,"2001-05-18","Nurse shark","M",156,NA,222,"E",2001,"2001-07-06",1.9675,2.7871,27.5452
"60",60,"2001-05-18","Caribbean reef shark","F",77,86,105,"P",2001,"2001-07-06",1.9675,2.7871,27.5452
"61",61,"2001-05-18","Nurse shark","M",87.2,NA,122.8,"G",2001,"2001-07-06",1.9675,2.7871,27.5452
"62",62,"2001-05-18","Caribbean reef shark","M",75,83.4,103,"G",2001,"2001-07-06",1.9675,2.7871,27.5452
"63",63,"2001-05-18","Nurse shark","M",100,NA,152,"E",2001,"2001-07-06",1.9675,2.7871,27.5452
"64",64,"2001-05-18","Nurse shark","F",107.7,NA,167.2,"E",2001,"2001-07-06",1.9675,2.7871,27.5452
"65",65,"2001-05-18","Nurse shark","M",96.2,NA,141,"E",2001,"2001-07-06",1.9675,2.7871,27.5452
"66",66,"2001-05-18","Nurse shark","F",105,NA,156,"E",2001,"2001-07-06",1.9675,2.7871,27.5452
"67",67,"2001-05-18","Nurse shark","M",111,NA,161.8,"E",2001,"2001-07-06",1.9675,2.7871,27.5452
"68",68,"2001-05-18","Nurse shark","M",114,NA,176,"E",2001,"2001-07-06",1.9675,2.7871,27.5452
"69",69,"2001-05-18","Nurse shark","M",98.2,NA,142.8,"E",2001,"2001-07-06",1.9675,2.7871,27.5452
"70",70,"2001-05-18","Nurse shark","M",102,NA,148.2,"E",2001,"2001-07-06",1.9675,2.7871,27.5452
"71",71,"2001-05-18","Nurse shark","M",155.4,NA,225,"E",2001,"2001-07-06",1.9675,2.7871,27.5452
"72",72,"2001-05-19","Nurse shark","F",167,NA,237,"E",2001,"2001-07-06",1.9675,2.7871,27.5452
"73",73,"2001-05-19","Nurse shark","F",94,NA,153,"E",2001,"2001-07-06",1.9675,2.7871,27.5452
"74",74,"2001-05-20","Caribbean reef shark","M",70,79,99.2,"D",2001,"2001-07-06",1.9675,2.7871,27.5452
"75",75,"2001-05-20","Caribbean reef shark","M",87,92.6,117.3,"F",2001,"2001-07-06",1.9675,2.7871,27.5452
"76",76,"2001-05-20","Nurse shark","M",154.2,NA,205.2,"E",2001,"2001-07-06",1.9675,2.7871,27.5452
"77",77,"2001-05-21","Other","M",109.2,NA,146.6,"E",2001,"2001-07-06",1.9675,2.7871,27.5452
"78",78,"2001-05-21","Caribbean reef shark","F",166.4,181,217,"G",2001,"2001-07-06",1.9675,2.7871,27.5452
"79",79,"2001-05-21","Caribbean reef shark","F",148,164.8,204.4,"E",2001,"2001-07-06",1.9675,2.7871,27.5452
"80",80,"2001-05-21","Caribbean reef shark","F",150,170.2,212,"E",2001,"2001-07-06",1.9675,2.7871,27.5452
"81",81,"2001-05-21","Caribbean reef shark","F",88,97,122,"P",2001,"2001-07-06",1.9675,2.7871,27.5452
"82",82,"2001-05-22","Caribbean reef shark","F",151.8,167,205,"E",2001,"2001-07-06",1.9675,2.7871,27.5452
"83",83,"2001-05-23","Other","F",115.2,127,153.2,"F",2001,"2001-07-06",1.9675,2.7871,27.5452
"84",84,"2001-05-23","Caribbean reef shark","F",118.4,130.4,161,"E",2001,"2001-07-06",1.9675,2.7871,27.5452
"85",85,"2001-05-23","Caribbean reef shark","M",71.2,79,97.4,"E",2001,"2001-07-06",1.9675,2.7871,27.5452
"86",86,"2001-05-23","Caribbean reef shark","M",85.8,95.4,118.4,"E",2001,"2001-07-06",1.9675,2.7871,27.5452
"87",87,"2001-05-24","Caribbean reef shark","M",125.2,NA,163.2,"E",2001,"2001-07-06",1.9675,2.7871,27.5452
"88",88,"2001-05-24","Caribbean reef shark","M",129.4,143.8,177,"E",2001,"2001-07-06",1.9675,2.7871,27.5452
"89",89,"2001-05-24","Caribbean reef shark","M",140,157.6,187.4,"E",2001,"2001-07-06",1.9675,2.7871,27.5452
"90",90,"2001-05-24","Caribbean reef shark","F",100.6,112,138,"D",2001,"2001-07-06",1.9675,2.7871,27.5452
"91",91,"2001-05-25","Nurse shark","M",151.4,NA,219.6,"E",2001,"2001-07-06",1.9675,2.7871,27.5452
"92",92,"2001-05-25","Nurse shark","F",101,NA,145,"E",2001,"2001-07-06",1.9675,2.7871,27.5452
"93",93,"2001-05-25","Nurse shark","M",123,NA,174.2,"E",2001,"2001-07-06",1.9675,2.7871,27.5452
"94",94,"2001-05-25","Nurse shark","M",149.8,NA,221,"E",2001,"2001-07-06",1.9675,2.7871,27.5452
"95",95,"2001-05-25","Nurse shark","F",147.2,NA,220.6,"E",2001,"2001-07-06",1.9675,2.7871,27.5452
"96",96,"2001-05-25","Nurse shark","M",124.8,NA,180.4,"E",2001,"2001-07-06",1.9675,2.7871,27.5452
"97",97,"2001-05-25","Caribbean reef shark","M",88,100.4,123.2,"D",2001,"2001-07-06",1.9675,2.7871,27.5452
"98",98,"2001-05-25","Caribbean reef shark","F",72.9,82.2,104.7,"E",2001,"2001-07-06",1.9675,2.7871,27.5452
"99",99,"2001-05-25","Other","F",75,81.8,98.8,"D",2001,"2001-07-06",1.9675,2.7871,27.5452
"100",100,"2001-05-25","Other","F",64,70.4,84,"D",2001,"2001-07-06",1.9675,2.7871,27.5452
"101",101,"2001-05-26","Nurse shark","F",110.4,NA,156.2,"E",2001,"2001-07-06",1.9675,2.7871,27.5452
"102",102,"2001-05-26","Nurse shark","M",98.8,NA,141.8,"E",2001,"2001-07-06",1.9675,2.7871,27.5452
"103",103,"2001-05-26","Nurse shark","F",102.2,NA,156,"E",2001,"2001-07-06",1.9675,2.7871,27.5452
"104",104,"2001-05-26","Nurse shark","M",113,NA,166,"E",2001,"2001-07-06",1.9675,2.7871,27.5452
"105",105,"2001-05-26","Nurse shark","F",110.8,NA,163,"E",2001,"2001-07-06",1.9675,2.7871,27.5452
"106",106,"2001-05-26","Nurse shark","F",121,NA,167,"E",2001,"2001-07-06",1.9675,2.7871,27.5452
"107",107,"2001-05-26","Nurse shark","F",147.2,NA,210,"E",2001,"2001-07-06",1.9675,2.7871,27.5452
"108",108,"2001-05-28","Nurse shark","M",129,NA,186.4,"E",2001,"2001-07-06",1.9675,2.7871,27.5452
"109",109,"2001-05-28","Nurse shark","F",137.2,NA,195.2,"E",2001,"2001-07-06",1.9675,2.7871,27.5452
"110",110,"2001-05-28","Nurse shark","F",162.2,NA,222.6,"E",2001,"2001-07-06",1.9675,2.7871,27.5452
"111",111,"2001-05-28","Nurse shark","M",91.4,NA,133.2,"E",2001,"2001-07-06",1.9675,2.7871,27.5452
"112",112,"2001-05-28","Nurse shark","F",123.8,NA,182,"E",2001,"2001-07-06",1.9675,2.7871,27.5452
"113",113,"2001-05-29","Nurse shark","M",104,NA,149,"E",2001,"2001-07-06",1.9675,2.7871,27.5452
"114",114,"2001-05-29","Nurse shark","F",170.7,NA,236,"E",2001,"2001-07-06",1.9675,2.7871,27.5452
"115",115,"2001-05-29","Nurse shark","M",125.6,NA,188.2,"E",2001,"2001-07-06",1.9675,2.7871,27.5452
"116",116,"2001-05-29","Caribbean reef shark","M",97.8,103.6,131,"E",2001,"2001-07-06",1.9675,2.7871,27.5452
"117",117,"2001-05-29","Nurse shark","M",113,NA,162.2,"E",2001,"2001-07-06",1.9675,2.7871,27.5452
"118",169,"2003-05-17","Nurse shark","F",109,NA,155,"E",2003,"2003-02-15",1.4995,1.7105,10.4964
"119",170,"2003-05-17","Nurse shark","M",94,NA,134,"E",2003,"2003-02-15",1.4995,1.7105,10.4964
"120",171,"2003-05-17","Nurse shark","F",102,NA,146,"E",2003,"2003-02-15",1.4995,1.7105,10.4964
"121",172,"2003-05-17","Nurse shark","M",153,NA,221,"E",2003,"2003-02-15",1.4995,1.7105,10.4964
"122",173,"2003-05-17","Nurse shark","F",126,NA,182,"E",2003,"2003-02-15",1.4995,1.7105,10.4964
"123",174,"2003-05-17","Nurse shark","F",110,NA,161,"E",2003,"2003-02-15",1.4995,1.7105,10.4964
"124",175,"2003-05-17","Other","F",200,222,258,"E",2003,"2003-02-15",1.4995,1.7105,10.4964
"125",176,"2003-05-18","Caribbean reef shark","F",75,82,102,"E",2003,"2003-02-15",1.4995,1.7105,10.4964
"126",177,"2003-05-18","Other","F",70,76,89,"E",2003,"2003-02-15",1.4995,1.7105,10.4964
"127",178,"2003-05-18","Caribbean reef shark","F",106,125,155,"E",2003,"2003-02-15",1.4995,1.7105,10.4964
"128",179,"2003-05-19","Caribbean reef shark","F",110,122,153,"E",2003,"2003-02-15",1.4995,1.7105,10.4964
"129",180,"2003-05-19","Caribbean reef shark","M",98,107,134,"E",2003,"2003-02-15",1.4995,1.7105,10.4964
"130",181,"2003-05-19","Caribbean reef shark","M",71.4,81,99.8,"E",2003,"2003-02-15",1.4995,1.7105,10.4964
"131",182,"2003-05-19","Caribbean reef shark","F",NA,NA,230,"E",2003,"2003-02-15",1.4995,1.7105,10.4964
"132",183,"2003-05-19","Nurse shark","M",165,NA,235,"E",2003,"2003-02-15",1.4995,1.7105,10.4964
"133",184,"2003-05-19","Caribbean reef shark","M",84,93,115,"E",2003,"2003-02-15",1.4995,1.7105,10.4964
"134",185,"2003-05-19","Nurse shark","M",107,NA,157,"E",2003,"2003-02-15",1.4995,1.7105,10.4964
"135",186,"2003-05-19","Nurse shark","M",150,NA,210,"E",2003,"2003-02-15",1.4995,1.7105,10.4964
"136",187,"2003-05-21","Caribbean reef shark","F",92,107,125,"E",2003,"2003-02-15",1.4995,1.7105,10.4964
"137",188,"2003-05-21","Caribbean reef shark","M",103,115,141,"E",2003,"2003-02-15",1.4995,1.7105,10.4964
"138",189,"2003-05-21","Caribbean reef shark","F",100,109,133,"G",2003,"2003-02-15",1.4995,1.7105,10.4964
"139",190,"2003-05-21","Caribbean reef shark","F",106,119,145,"E",2003,"2003-02-15",1.4995,1.7105,10.4964
"140",191,"2003-05-21","Caribbean reef shark","F",92,103,126,"G",2003,"2003-02-15",1.4995,1.7105,10.4964
"141",192,"2003-05-21","Caribbean reef shark","M",103,113,143,"G",2003,"2003-02-15",1.4995,1.7105,10.4964
"142",193,"2003-05-21","Caribbean reef shark","F",114,127,160,"G",2003,"2003-02-15",1.4995,1.7105,10.4964
"143",194,"2003-05-21","Caribbean reef shark","F",110,125,151,"E",2003,"2003-02-15",1.4995,1.7105,10.4964
"144",195,"2003-05-21","Caribbean reef shark","F",NA,NA,201,"G",2003,"2003-02-15",1.4995,1.7105,10.4964
"145",196,"2003-05-22","Caribbean reef shark","F",83.2,93,115,"G",2003,"2003-02-15",1.4995,1.7105,10.4964
"146",197,"2003-05-22","Caribbean reef shark","M",102,111,141,"E",2003,"2003-02-15",1.4995,1.7105,10.4964
"147",198,"2003-05-22","Caribbean reef shark","F",105,113,143,"E",2003,"2003-02-15",1.4995,1.7105,10.4964
"148",199,"2003-05-22","Caribbean reef shark","M",110,122,153,"E",2003,"2003-02-15",1.4995,1.7105,10.4964
"149",200,"2003-05-22","Caribbean reef shark","M",75,82,96.4,"P",2003,"2003-02-15",1.4995,1.7105,10.4964
"150",201,"2003-05-22","Caribbean reef shark","M",130,141,170,"E",2003,"2003-02-15",1.4995,1.7105,10.4964
"151",202,"2003-05-23","Caribbean reef shark","F",95,104,131,"E",2003,"2003-02-15",1.4995,1.7105,10.4964
"152",203,"2003-05-23","Nurse shark","M",100,NA,152,"E",2003,"2003-02-15",1.4995,1.7105,10.4964
"153",204,"2003-05-23","Nurse shark","M",115,NA,169,"E",2003,"2003-02-15",1.4995,1.7105,10.4964
"154",205,"2003-05-25","Nurse shark","F",123,NA,170,"E",2003,"2003-02-15",1.4995,1.7105,10.4964
"155",206,"2003-05-25","Caribbean reef shark","M",156,170,193,"E",2003,"2003-02-15",1.4995,1.7105,10.4964
"156",207,"2003-05-25","Nurse shark","F",125,NA,170,"E",2003,"2003-02-15",1.4995,1.7105,10.4964
"157",208,"2003-05-25","Nurse shark","M",130,NA,181,"E",2003,"2003-02-15",1.4995,1.7105,10.4964
"158",209,"2003-05-25","Nurse shark","M",131,NA,187,"E",2003,"2003-02-15",1.4995,1.7105,10.4964
"159",210,"2003-05-25","Nurse shark","F",152,NA,221,"E",2003,"2003-02-15",1.4995,1.7105,10.4964
"160",211,"2003-05-25","Nurse shark","F",160,NA,240,"E",2003,"2003-02-15",1.4995,1.7105,10.4964
"161",212,"2003-05-26","Caribbean reef shark","M",66,81,94,"E",2003,"2003-02-15",1.4995,1.7105,10.4964
"162",213,"2003-05-26","Caribbean reef shark","F",157,174,209,"D",2003,"2003-02-15",1.4995,1.7105,10.4964
"163",214,"2003-05-26","Caribbean reef shark","M",64,72,85,"D",2003,"2003-02-15",1.4995,1.7105,10.4964
"164",215,"2003-05-26","Caribbean reef shark","F",100,109,135,"E",2003,"2003-02-15",1.4995,1.7105,10.4964
"165",216,"2003-05-26","Nurse shark","F",149.5,NA,212,"E",2003,"2003-02-15",1.4995,1.7105,10.4964
"166",217,"2003-05-26","Nurse shark","F",99,NA,170,"E",2003,"2003-02-15",1.4995,1.7105,10.4964
"167",218,"2003-05-26","Nurse shark","F",100,NA,140,"E",2003,"2003-02-15",1.4995,1.7105,10.4964
"168",219,"2003-05-26","Nurse shark","M",160,NA,224,"E",2003,"2003-02-15",1.4995,1.7105,10.4964
"169",220,"2003-05-26","Nurse shark","F",130,NA,183,"E",2003,"2003-02-15",1.4995,1.7105,10.4964
"170",221,"2003-05-27","Caribbean reef shark","M",63.3,71.3,88.1,"G",2003,"2003-02-15",1.4995,1.7105,10.4964
"171",222,"2003-05-27","Caribbean reef shark","F",84.6,98,117,"G",2003,"2003-02-15",1.4995,1.7105,10.4964
"172",223,"2003-05-27","Caribbean reef shark","M",66.3,74,93,"G",2003,"2003-02-15",1.4995,1.7105,10.4964
"173",224,"2003-05-27","Nurse shark","M",118,NA,177.5,"E",2003,"2003-02-15",1.4995,1.7105,10.4964
"174",225,"2003-05-27","Nurse shark","M",94,NA,136,"E",2003,"2003-02-15",1.4995,1.7105,10.4964
"175",226,"2003-05-27","Nurse shark","M",153,NA,217,"E",2003,"2003-02-15",1.4995,1.7105,10.4964
"176",227,"2003-05-27","Nurse shark","M",111,NA,158,"E",2003,"2003-02-15",1.4995,1.7105,10.4964
"177",228,"2003-05-28","Caribbean reef shark","M",107,117,148,"E",2003,"2003-02-15",1.4995,1.7105,10.4964
"178",229,"2003-05-28","Caribbean reef shark","F",85,99,120,"E",2003,"2003-02-15",1.4995,1.7105,10.4964
"179",230,"2003-05-28","Caribbean reef shark","M",NA,NA,190.2,"G",2003,"2003-02-15",1.4995,1.7105,10.4964
"180",231,"2003-05-25","Caribbean reef shark","F",71,79,98,"E",2003,"2003-02-15",1.4995,1.7105,10.4964
"181",232,"2004-05-01","Caribbean reef shark","F",73.2,83,103,"G",2004,"2004-05-18",1.3746,1.8027,6.873
"182",233,"2004-05-01","Nurse shark","F",99,NA,145,"E",2004,"2004-05-18",1.3746,1.8027,6.873
"183",234,"2004-05-01","Nurse shark","F",94,NA,136,"E",2004,"2004-05-18",1.3746,1.8027,6.873
"184",235,"2004-05-02","Caribbean reef shark","M",141,160,197,"E",2004,"2004-05-18",1.3746,1.8027,6.873
"185",236,"2004-05-02","Nurse shark","F",114,NA,165,"E",2004,"2004-05-18",1.3746,1.8027,6.873
"186",237,"2004-05-02","Nurse shark","F",142,NA,208,"E",2004,"2004-05-18",1.3746,1.8027,6.873
"187",238,"2004-05-02","Nurse shark","F",106,NA,155,"E",2004,"2004-05-18",1.3746,1.8027,6.873
"188",239,"2004-05-02","Nurse shark","M",89,NA,128,"E",2004,"2004-05-18",1.3746,1.8027,6.873
"189",240,"2004-05-02","Nurse shark","F",101,NA,144,"E",2004,"2004-05-18",1.3746,1.8027,6.873
"190",241,"2004-05-02","Nurse shark","F",168,NA,238,"E",2004,"2004-05-18",1.3746,1.8027,6.873
"191",242,"2004-05-02","Nurse shark","F",106,NA,153,"E",2004,"2004-05-18",1.3746,1.8027,6.873
"192",243,"2004-05-02","Nurse shark","F",104,NA,141,"E",2004,"2004-05-18",1.3746,1.8027,6.873
"193",244,"2004-05-02","Nurse shark","F",116,NA,164,"E",2004,"2004-05-18",1.3746,1.8027,6.873
"194",245,"2004-05-02","Nurse shark","M",87,NA,137,"E",2004,"2004-05-18",1.3746,1.8027,6.873
"195",246,"2004-05-02","Nurse shark","M",99,NA,140,"E",2004,"2004-05-18",1.3746,1.8027,6.873
"196",247,"2004-05-02","Nurse shark","M",120,NA,182,"E",2004,"2004-05-18",1.3746,1.8027,6.873
"197",248,"2004-05-02","Nurse shark","F",113,NA,171,"E",2004,"2004-05-18",1.3746,1.8027,6.873
"198",249,"2004-05-02","Nurse shark","F",116,NA,168,"E",2004,"2004-05-18",1.3746,1.8027,6.873
"199",250,"2004-05-03","Caribbean reef shark","M",68,74,94,"P",2004,"2004-05-18",1.3746,1.8027,6.873
"200",251,"2004-05-03","Caribbean reef shark","M",71,80,100,"G",2004,"2004-05-18",1.3746,1.8027,6.873
"201",252,"2004-05-03","Caribbean reef shark","M",63,72,88,"E",2004,"2004-05-18",1.3746,1.8027,6.873
"202",253,"2004-05-03","Caribbean reef shark","F",74,76,91,"E",2004,"2004-05-18",1.3746,1.8027,6.873
"203",254,"2004-05-03","Caribbean reef shark","F",72,80,98,"E",2004,"2004-05-18",1.3746,1.8027,6.873
"204",255,"2004-05-03","Caribbean reef shark","F",68,75,93,"E",2004,"2004-05-18",1.3746,1.8027,6.873
"205",256,"2004-05-03","Caribbean reef shark","M",67,74,92,"P",2004,"2004-05-18",1.3746,1.8027,6.873
"206",257,"2004-05-03","Nurse shark","M",113,NA,169,"E",2004,"2004-05-18",1.3746,1.8027,6.873
"207",258,"2004-05-04","Caribbean reef shark","M",137,154,188,"E",2004,"2004-05-18",1.3746,1.8027,6.873
"208",259,"2004-05-04","Caribbean reef shark","M",70,78,96,"D",2004,"2004-05-18",1.3746,1.8027,6.873
"209",260,"2004-05-04","Nurse shark","M",88,NA,137,"E",2004,"2004-05-18",1.3746,1.8027,6.873
"210",261,"2004-05-05","Caribbean reef shark","F",160,179,215,"E",2004,"2004-05-18",1.3746,1.8027,6.873
"211",262,"2004-05-05","Nurse shark","M",138,NA,200,"E",2004,"2004-05-18",1.3746,1.8027,6.873
"212",263,"2004-05-05","Caribbean reef shark","M",85,96,117,"E",2004,"2004-05-18",1.3746,1.8027,6.873
"213",264,"2004-05-05","Caribbean reef shark","F",96,108,134,"E",2004,"2004-05-18",1.3746,1.8027,6.873
"214",265,"2004-05-05","Nurse shark","M",105,NA,157,"E",2004,"2004-05-18",1.3746,1.8027,6.873
"215",266,"2004-05-05","Nurse shark","M",135,NA,197,"E",2004,"2004-05-18",1.3746,1.8027,6.873
"216",267,"2004-05-05","Nurse shark","F",118,NA,169,"E",2004,"2004-05-18",1.3746,1.8027,6.873
"217",268,"2004-05-05","Nurse shark","M",102,NA,147,"E",2004,"2004-05-18",1.3746,1.8027,6.873
"218",269,"2004-05-06","Nurse shark","M",106,NA,152,"E",2004,"2004-05-18",1.3746,1.8027,6.873
"219",270,"2004-05-06","Nurse shark","F",109,NA,158,"E",2004,"2004-05-18",1.3746,1.8027,6.873
"220",271,"2004-05-07","Nurse shark","M",104,NA,155,"E",2004,"2004-05-18",1.3746,1.8027,6.873
"221",272,"2004-05-08","Nurse shark","F",114,NA,164,"G",2004,"2004-05-18",1.3746,1.8027,6.873
"222",273,"2004-05-08","Caribbean reef shark","M",73,83,101,"D",2004,"2004-05-18",1.3746,1.8027,6.873
"223",274,"2004-05-08","Nurse shark","F",81,NA,111,"E",2004,"2004-05-18",1.3746,1.8027,6.873
"224",275,"2004-05-10","Nurse shark","F",107,NA,145,"E",2004,"2004-05-18",1.3746,1.8027,6.873
"225",276,"2004-05-10","Nurse shark","M",107,NA,165,"E",2004,"2004-05-18",1.3746,1.8027,6.873
"226",277,"2004-05-10","Nurse shark","F",132,NA,185,"E",2004,"2004-05-18",1.3746,1.8027,6.873
"227",278,"2004-05-11","Nurse shark","F",117,NA,164,"E",2004,"2004-05-18",1.3746,1.8027,6.873
"228",279,"2004-05-11","Nurse shark","M",130,NA,183,"E",2004,"2004-05-18",1.3746,1.8027,6.873
"229",280,"2004-05-11","Nurse shark","M",160,NA,231,"E",2004,"2004-05-18",1.3746,1.8027,6.873
"230",281,"2005-05-22","Caribbean reef shark","F",161,174,217,"F",2005,"2005-06-02",1.2503,1.5054,6.2514
"231",282,"2005-05-22","Caribbean reef shark","M",123,136,167,"E",2005,"2005-06-02",1.2503,1.5054,6.2514
"232",283,"2005-05-22","Caribbean reef shark","F",86,97,120,"E",2005,"2005-06-02",1.2503,1.5054,6.2514
"233",284,"2005-05-22","Nurse shark","F",119,NA,172,"E",2005,"2005-06-02",1.2503,1.5054,6.2514
"234",285,"2005-05-22","Nurse shark","F",110,NA,155,"E",2005,"2005-06-02",1.2503,1.5054,6.2514
"235",286,"2005-05-22","Nurse shark","F",120,NA,174,"E",2005,"2005-06-02",1.2503,1.5054,6.2514
"236",287,"2005-05-22","Nurse shark","M",122,NA,173,"E",2005,"2005-06-02",1.2503,1.5054,6.2514
"237",288,"2005-05-22","Nurse shark","F",112,NA,170,"E",2005,"2005-06-02",1.2503,1.5054,6.2514
"238",289,"2005-05-22","Other","F",69,76,91,"D",2005,"2005-06-02",1.2503,1.5054,6.2514
"239",290,"2005-05-23","Nurse shark","M",95,NA,140,"E",2005,"2005-06-02",1.2503,1.5054,6.2514
"240",291,"2005-05-23","Nurse shark","M",107,NA,170,"E",2005,"2005-06-02",1.2503,1.5054,6.2514
"241",292,"2005-05-23","Nurse shark","M",117,NA,182,"E",2005,"2005-06-02",1.2503,1.5054,6.2514
"242",293,"2005-05-23","Caribbean reef shark","M",74,81,101,"E",2005,"2005-06-02",1.2503,1.5054,6.2514
"243",294,"2005-05-23","Caribbean reef shark","M",72,80,102,"G",2005,"2005-06-02",1.2503,1.5054,6.2514
"244",295,"2005-05-23","Other","F",76,83,98,"G",2005,"2005-06-02",1.2503,1.5054,6.2514
"245",296,"2005-05-23","Caribbean reef shark","M",74,78.5,96,"F",2005,"2005-06-02",1.2503,1.5054,6.2514
"246",297,"2005-05-23","Caribbean reef shark","M",94,104,127,"G",2005,"2005-06-02",1.2503,1.5054,6.2514
"247",298,"2005-05-23","Nurse shark","F",110,NA,172,"E",2005,"2005-06-02",1.2503,1.5054,6.2514
"248",299,"2005-05-23","Nurse shark","M",119,NA,176,"E",2005,"2005-06-02",1.2503,1.5054,6.2514
"249",300,"2005-05-23","Nurse shark","F",110,NA,164,"E",2005,"2005-06-02",1.2503,1.5054,6.2514
"250",301,"2005-05-24","Nurse shark","F",120,NA,170,"E",2005,"2005-06-02",1.2503,1.5054,6.2514
"251",302,"2005-05-24","Nurse shark","F",110,NA,162,"E",2005,"2005-06-02",1.2503,1.5054,6.2514
"252",303,"2005-05-24","Nurse shark","F",123,NA,177,"E",2005,"2005-06-02",1.2503,1.5054,6.2514
"253",304,"2005-05-24","Nurse shark","M",108,NA,147,"E",2005,"2005-06-02",1.2503,1.5054,6.2514
"254",305,"2005-05-24","Nurse shark","F",115,NA,172,"E",2005,"2005-06-02",1.2503,1.5054,6.2514
"255",306,"2005-05-24","Caribbean reef shark","F",68,76,95,"E",2005,"2005-06-02",1.2503,1.5054,6.2514
"256",307,"2005-05-24","Caribbean reef shark","F",89,102,124,"E",2005,"2005-06-02",1.2503,1.5054,6.2514
"257",308,"2005-05-24","Caribbean reef shark","F",105,114,142,"E",2005,"2005-06-02",1.2503,1.5054,6.2514
"258",309,"2005-05-24","Caribbean reef shark","M",71,80,100,"E",2005,"2005-06-02",1.2503,1.5054,6.2514
"259",310,"2005-05-24","Caribbean reef shark","M",92,101,122,"E",2005,"2005-06-02",1.2503,1.5054,6.2514
"260",311,"2005-05-24","Caribbean reef shark","F",69,77,96,"D",2005,"2005-06-02",1.2503,1.5054,6.2514
"261",312,"2005-05-24","Nurse shark","M",129,NA,187,"E",2005,"2005-06-02",1.2503,1.5054,6.2514
"262",313,"2005-05-24","Nurse shark","M",96,NA,155,"E",2005,"2005-06-02",1.2503,1.5054,6.2514
"263",314,"2005-05-24","Nurse shark","M",166,NA,237,"E",2005,"2005-06-02",1.2503,1.5054,6.2514
"264",315,"2005-05-25","Caribbean reef shark","F",59,66,80,"G",2005,"2005-06-02",1.2503,1.5054,6.2514
"265",316,"2005-05-25","Caribbean reef shark","M",62,68,85,"G",2005,"2005-06-02",1.2503,1.5054,6.2514
"266",317,"2005-05-25","Nurse shark","F",94,NA,126,"E",2005,"2005-06-02",1.2503,1.5054,6.2514
"267",318,"2005-05-25","Nurse shark","F",108,NA,144,"E",2005,"2005-06-02",1.2503,1.5054,6.2514
"268",319,"2005-05-25","Nurse shark","F",89,NA,131,"E",2005,"2005-06-02",1.2503,1.5054,6.2514
"269",320,"2005-05-25","Nurse shark","M",94,NA,137,"E",2005,"2005-06-02",1.2503,1.5054,6.2514
"270",321,"2005-05-25","Nurse shark","F",112,NA,165,"E",2005,"2005-06-02",1.2503,1.5054,6.2514
"271",322,"2005-05-25","Caribbean reef shark","M",69,76,99,"E",2005,"2005-06-02",1.2503,1.5054,6.2514
"272",323,"2005-05-26","Nurse shark","F",100,NA,152.5,"E",2005,"2005-06-02",1.2503,1.5054,6.2514
"273",324,"2005-05-26","Nurse shark","F",83,NA,120,"E",2005,"2005-06-02",1.2503,1.5054,6.2514
"274",325,"2005-05-26","Nurse shark","M",159,NA,222,"E",2005,"2005-06-02",1.2503,1.5054,6.2514
"275",326,"2005-05-26","Nurse shark","M",133,NA,177,"E",2005,"2005-06-02",1.2503,1.5054,6.2514
"276",327,"2005-05-26","Nurse shark","M",128,NA,181,"E",2005,"2005-06-02",1.2503,1.5054,6.2514
"277",328,"2005-05-28","Nurse shark","F",172,NA,240,"E",2005,"2005-06-02",1.2503,1.5054,6.2514
"278",329,"2005-05-28","Nurse shark","M",123,NA,176,"E",2005,"2005-06-02",1.2503,1.5054,6.2514
"279",330,"2005-05-28","Nurse shark","F",109,NA,159,"E",2005,"2005-06-02",1.2503,1.5054,6.2514
"280",331,"2005-05-28","Nurse shark","M",109,NA,154,"E",2005,"2005-06-02",1.2503,1.5054,6.2514
"281",332,"2005-05-28","Nurse shark","F",95.5,NA,147,"E",2005,"2005-06-02",1.2503,1.5054,6.2514
"282",333,"2005-05-28","Nurse shark","F",116,NA,190,"E",2005,"2005-06-02",1.2503,1.5054,6.2514
"283",334,"2005-05-28","Nurse shark","F",101,NA,145,"E",2005,"2005-06-02",1.2503,1.5054,6.2514
"284",335,"2005-05-28","Nurse shark","F",170,NA,178,"E",2005,"2005-06-02",1.2503,1.5054,6.2514
"285",336,"2005-05-28","Nurse shark","F",132,NA,195,"E",2005,"2005-06-02",1.2503,1.5054,6.2514
"286",337,"2005-05-28","Nurse shark","M",104,NA,152,"E",2005,"2005-06-02",1.2503,1.5054,6.2514
"287",338,"2005-05-28","Nurse shark","F",140,NA,217.5,"E",2005,"2005-06-02",1.2503,1.5054,6.2514
"288",339,"2005-05-28","Other","F",136,148,177,"E",2005,"2005-06-02",1.2503,1.5054,6.2514
"289",340,"2005-05-28","Caribbean reef shark","M",84,93,110,"E",2005,"2005-06-02",1.2503,1.5054,6.2514
"290",341,"2005-05-28","Nurse shark","F",109,NA,185,"E",2005,"2005-06-02",1.2503,1.5054,6.2514
"291",342,"2005-05-28","Nurse shark","M",98,NA,142,"E",2005,"2005-06-02",1.2503,1.5054,6.2514
"292",343,"2005-05-28","Nurse shark","F",132,NA,182.5,"E",2005,"2005-06-02",1.2503,1.5054,6.2514
"293",344,"2005-05-29","Nurse shark","M",136,NA,198,"E",2005,"2005-06-02",1.2503,1.5054,6.2514
"294",345,"2005-05-29","Nurse shark","M",96,NA,141,"E",2005,"2005-06-02",1.2503,1.5054,6.2514
"295",346,"2005-05-29","Other","F",62,69,83.2,"G",2005,"2005-06-02",1.2503,1.5054,6.2514
"296",347,"2005-05-30","Nurse shark","M",120,NA,179,"E",2005,"2005-06-02",1.2503,1.5054,6.2514
"297",348,"2005-05-30","Nurse shark","F",110,NA,161,"E",2005,"2005-06-02",1.2503,1.5054,6.2514
"298",349,"2005-05-30","Nurse shark","F",136,NA,194,"E",2005,"2005-06-02",1.2503,1.5054,6.2514
"299",350,"2005-05-30","Nurse shark","F",106,NA,159,"E",2005,"2005-06-02",1.2503,1.5054,6.2514
"300",351,"2005-05-30","Caribbean reef shark","F",73,80,100,"E",2005,"2005-06-02",1.2503,1.5054,6.2514
"301",352,"2005-05-30","Nurse shark","M",156,NA,228,"E",2005,"2005-06-02",1.2503,1.5054,6.2514
"302",353,"2005-05-30","Caribbean reef shark","F",68,75,93,"E",2005,"2005-06-02",1.2503,1.5054,6.2514
"303",354,"2005-05-30","Caribbean reef shark","F",71,80,96,"E",2005,"2005-06-02",1.2503,1.5054,6.2514
"304",355,"2005-05-30","Caribbean reef shark","M",74,79,98,"G",2005,"2005-06-02",1.2503,1.5054,6.2514
"305",356,"2005-05-30","Caribbean reef shark","F",78,86,110,"G",2005,"2005-06-02",1.2503,1.5054,6.2514
"306",357,"2005-06-01","Nurse shark","F",125,NA,177,"E",2005,"2005-06-02",1.2503,1.5054,6.2514
"307",358,"2005-10-02","Caribbean reef shark","F",111,131,150,"G",2005,"2005-06-02",1.2503,1.5054,6.2514
"308",359,"2005-10-03","Other","M",199,220,253,"E",2005,"2005-06-02",1.2503,1.5054,6.2514
"309",360,"2005-10-03","Caribbean reef shark","F",92,103,122,"D",2005,"2005-06-02",1.2503,1.5054,6.2514
"310",361,"2006-04-28","Other","F",136,148,174,"G",2006,"2006-07-29",2.3302,3.1856,58.2545
"311",362,"2006-04-28","Other","F",136,148,174,"G",2006,"2006-09-06",2.6353,2.775,21.0824
"312",363,"2006-04-28","Other","F",136,148,174,"G",2006,"2006-12-27",1.7516,2.0972,8.7578
"313",364,"2006-04-29","Nurse shark","F",110,NA,160,"E",2006,"2006-07-29",2.3302,3.1856,58.2545
"314",365,"2006-04-29","Nurse shark","F",110,NA,160,"E",2006,"2006-09-06",2.6353,2.775,21.0824
"315",366,"2006-04-29","Nurse shark","F",110,NA,160,"E",2006,"2006-12-27",1.7516,2.0972,8.7578
"316",367,"2006-04-29","Nurse shark","M",110,NA,159,"E",2006,"2006-07-29",2.3302,3.1856,58.2545
"317",368,"2006-04-29","Nurse shark","M",110,NA,159,"E",2006,"2006-09-06",2.6353,2.775,21.0824
"318",369,"2006-04-29","Nurse shark","M",110,NA,159,"E",2006,"2006-12-27",1.7516,2.0972,8.7578
"319",370,"2006-04-29","Caribbean reef shark","F",71,79,95,"E",2006,"2006-07-29",2.3302,3.1856,58.2545
"320",371,"2006-04-29","Caribbean reef shark","F",71,79,95,"E",2006,"2006-09-06",2.6353,2.775,21.0824
"321",372,"2006-04-29","Caribbean reef shark","F",71,79,95,"E",2006,"2006-12-27",1.7516,2.0972,8.7578
"322",373,"2006-04-29","Nurse shark","F",120,NA,169,"E",2006,"2006-07-29",2.3302,3.1856,58.2545
"323",374,"2006-04-29","Nurse shark","F",120,NA,169,"E",2006,"2006-09-06",2.6353,2.775,21.0824
"324",375,"2006-04-29","Nurse shark","F",120,NA,169,"E",2006,"2006-12-27",1.7516,2.0972,8.7578
"325",376,"2006-04-29","Nurse shark","F",75,NA,105,"E",2006,"2006-07-29",2.3302,3.1856,58.2545
"326",377,"2006-04-29","Nurse shark","F",75,NA,105,"E",2006,"2006-09-06",2.6353,2.775,21.0824
"327",378,"2006-04-29","Nurse shark","F",75,NA,105,"E",2006,"2006-12-27",1.7516,2.0972,8.7578
"328",379,"2006-04-29","Nurse shark","F",148,NA,206,"E",2006,"2006-07-29",2.3302,3.1856,58.2545
"329",380,"2006-04-29","Nurse shark","F",148,NA,206,"E",2006,"2006-09-06",2.6353,2.775,21.0824
"330",381,"2006-04-29","Nurse shark","F",148,NA,206,"E",2006,"2006-12-27",1.7516,2.0972,8.7578
"331",382,"2006-04-29","Nurse shark","F",92,NA,113,"E",2006,"2006-07-29",2.3302,3.1856,58.2545
"332",383,"2006-04-29","Nurse shark","F",92,NA,113,"E",2006,"2006-09-06",2.6353,2.775,21.0824
"333",384,"2006-04-29","Nurse shark","F",92,NA,113,"E",2006,"2006-12-27",1.7516,2.0972,8.7578
"334",385,"2006-04-29","Nurse shark","F",115,NA,165,"E",2006,"2006-07-29",2.3302,3.1856,58.2545
"335",386,"2006-04-29","Nurse shark","F",115,NA,165,"E",2006,"2006-09-06",2.6353,2.775,21.0824
"336",387,"2006-04-29","Nurse shark","F",115,NA,165,"E",2006,"2006-12-27",1.7516,2.0972,8.7578
"337",388,"2006-04-29","Nurse shark","F",143,NA,215,"E",2006,"2006-07-29",2.3302,3.1856,58.2545
"338",389,"2006-04-29","Nurse shark","F",143,NA,215,"E",2006,"2006-09-06",2.6353,2.775,21.0824
"339",390,"2006-04-29","Nurse shark","F",143,NA,215,"E",2006,"2006-12-27",1.7516,2.0972,8.7578
"340",391,"2006-04-30","Nurse shark","M",63,NA,88,"E",2006,"2006-07-29",2.3302,3.1856,58.2545
"341",392,"2006-04-30","Nurse shark","M",63,NA,88,"E",2006,"2006-09-06",2.6353,2.775,21.0824
"342",393,"2006-04-30","Nurse shark","M",63,NA,88,"E",2006,"2006-12-27",1.7516,2.0972,8.7578
"343",394,"2006-04-30","Nurse shark","F",167,NA,234,"E",2006,"2006-07-29",2.3302,3.1856,58.2545
"344",395,"2006-04-30","Nurse shark","F",167,NA,234,"E",2006,"2006-09-06",2.6353,2.775,21.0824
"345",396,"2006-04-30","Nurse shark","F",167,NA,234,"E",2006,"2006-12-27",1.7516,2.0972,8.7578
"346",397,"2006-04-30","Nurse shark","F",125,NA,175,"E",2006,"2006-07-29",2.3302,3.1856,58.2545
"347",398,"2006-04-30","Nurse shark","F",125,NA,175,"E",2006,"2006-09-06",2.6353,2.775,21.0824
"348",399,"2006-04-30","Nurse shark","F",125,NA,175,"E",2006,"2006-12-27",1.7516,2.0972,8.7578
"349",400,"2006-04-30","Caribbean reef shark","M",98,110,135,"G",2006,"2006-07-29",2.3302,3.1856,58.2545
"350",401,"2006-04-30","Caribbean reef shark","M",98,110,135,"G",2006,"2006-09-06",2.6353,2.775,21.0824
"351",402,"2006-04-30","Caribbean reef shark","M",98,110,135,"G",2006,"2006-12-27",1.7516,2.0972,8.7578
"352",403,"2006-04-30","Caribbean reef shark","M",73,81,100,"G",2006,"2006-07-29",2.3302,3.1856,58.2545
"353",404,"2006-04-30","Caribbean reef shark","M",73,81,100,"G",2006,"2006-09-06",2.6353,2.775,21.0824
"354",405,"2006-04-30","Caribbean reef shark","M",73,81,100,"G",2006,"2006-12-27",1.7516,2.0972,8.7578
"355",406,"2006-04-30","Nurse shark","F",160,NA,225,"E",2006,"2006-07-29",2.3302,3.1856,58.2545
"356",407,"2006-04-30","Nurse shark","F",160,NA,225,"E",2006,"2006-09-06",2.6353,2.775,21.0824
"357",408,"2006-04-30","Nurse shark","F",160,NA,225,"E",2006,"2006-12-27",1.7516,2.0972,8.7578
"358",409,"2006-05-01","Nurse shark","M",95,NA,134,"E",2006,"2006-07-29",2.3302,3.1856,58.2545
"359",410,"2006-05-01","Nurse shark","M",95,NA,134,"E",2006,"2006-09-06",2.6353,2.775,21.0824
"360",411,"2006-05-01","Nurse shark","M",95,NA,134,"E",2006,"2006-12-27",1.7516,2.0972,8.7578
"361",412,"2006-05-01","Nurse shark","M",113,NA,157,"E",2006,"2006-07-29",2.3302,3.1856,58.2545
"362",413,"2006-05-01","Nurse shark","M",113,NA,157,"E",2006,"2006-09-06",2.6353,2.775,21.0824
"363",414,"2006-05-01","Nurse shark","M",113,NA,157,"E",2006,"2006-12-27",1.7516,2.0972,8.7578
"364",415,"2006-05-01","Nurse shark","M",153,NA,217,"E",2006,"2006-07-29",2.3302,3.1856,58.2545
"365",416,"2006-05-01","Nurse shark","M",153,NA,217,"E",2006,"2006-09-06",2.6353,2.775,21.0824
"366",417,"2006-05-01","Nurse shark","M",153,NA,217,"E",2006,"2006-12-27",1.7516,2.0972,8.7578
"367",418,"2006-05-01","Caribbean reef shark","M",NA,65,81,"E",2006,"2006-07-29",2.3302,3.1856,58.2545
"368",419,"2006-05-01","Caribbean reef shark","M",NA,65,81,"E",2006,"2006-09-06",2.6353,2.775,21.0824
"369",420,"2006-05-01","Caribbean reef shark","M",NA,65,81,"E",2006,"2006-12-27",1.7516,2.0972,8.7578
"370",421,"2006-05-01","Nurse shark","M",124,NA,172,"E",2006,"2006-07-29",2.3302,3.1856,58.2545
"371",422,"2006-05-01","Nurse shark","M",124,NA,172,"E",2006,"2006-09-06",2.6353,2.775,21.0824
"372",423,"2006-05-01","Nurse shark","M",124,NA,172,"E",2006,"2006-12-27",1.7516,2.0972,8.7578
"373",424,"2006-05-01","Nurse shark","M",120,NA,159,"E",2006,"2006-07-29",2.3302,3.1856,58.2545
"374",425,"2006-05-01","Nurse shark","M",120,NA,159,"E",2006,"2006-09-06",2.6353,2.775,21.0824
"375",426,"2006-05-01","Nurse shark","M",120,NA,159,"E",2006,"2006-12-27",1.7516,2.0972,8.7578
"376",427,"2006-05-01","Caribbean reef shark","F",63,71,90,"D",2006,"2006-07-29",2.3302,3.1856,58.2545
"377",428,"2006-05-01","Caribbean reef shark","F",63,71,90,"D",2006,"2006-09-06",2.6353,2.775,21.0824
"378",429,"2006-05-01","Caribbean reef shark","F",63,71,90,"D",2006,"2006-12-27",1.7516,2.0972,8.7578
"379",430,"2006-05-01","Caribbean reef shark","M",74,81,100,"E",2006,"2006-07-29",2.3302,3.1856,58.2545
"380",431,"2006-05-01","Caribbean reef shark","M",74,81,100,"E",2006,"2006-09-06",2.6353,2.775,21.0824
"381",432,"2006-05-01","Caribbean reef shark","M",74,81,100,"E",2006,"2006-12-27",1.7516,2.0972,8.7578
"382",433,"2006-05-01","Caribbean reef shark","F",84,92,120,"G",2006,"2006-07-29",2.3302,3.1856,58.2545
"383",434,"2006-05-01","Caribbean reef shark","F",84,92,120,"G",2006,"2006-09-06",2.6353,2.775,21.0824
"384",435,"2006-05-01","Caribbean reef shark","F",84,92,120,"G",2006,"2006-12-27",1.7516,2.0972,8.7578
"385",436,"2006-05-01","Caribbean reef shark","F",152,171,214,"E",2006,"2006-07-29",2.3302,3.1856,58.2545
"386",437,"2006-05-01","Caribbean reef shark","F",152,171,214,"E",2006,"2006-09-06",2.6353,2.775,21.0824
"387",438,"2006-05-01","Caribbean reef shark","F",152,171,214,"E",2006,"2006-12-27",1.7516,2.0972,8.7578
"388",439,"2006-05-03","Nurse shark","M",158,NA,205,"E",2006,"2006-07-29",2.3302,3.1856,58.2545
"389",440,"2006-05-03","Nurse shark","M",158,NA,205,"E",2006,"2006-09-06",2.6353,2.775,21.0824
"390",441,"2006-05-03","Nurse shark","M",158,NA,205,"E",2006,"2006-12-27",1.7516,2.0972,8.7578
"391",442,"2006-05-03","Caribbean reef shark","M",123,137,163,"E",2006,"2006-07-29",2.3302,3.1856,58.2545
"392",443,"2006-05-03","Caribbean reef shark","M",123,137,163,"E",2006,"2006-09-06",2.6353,2.775,21.0824
"393",444,"2006-05-03","Caribbean reef shark","M",123,137,163,"E",2006,"2006-12-27",1.7516,2.0972,8.7578
"394",445,"2006-05-03","Caribbean reef shark","F",NA,NA,135,"G",2006,"2006-07-29",2.3302,3.1856,58.2545
"395",446,"2006-05-03","Caribbean reef shark","F",NA,NA,135,"G",2006,"2006-09-06",2.6353,2.775,21.0824
"396",447,"2006-05-03","Caribbean reef shark","F",NA,NA,135,"G",2006,"2006-12-27",1.7516,2.0972,8.7578
"397",448,"2006-05-03","Caribbean reef shark","M",77,84,101,"G",2006,"2006-07-29",2.3302,3.1856,58.2545
"398",449,"2006-05-03","Caribbean reef shark","M",77,84,101,"G",2006,"2006-09-06",2.6353,2.775,21.0824
"399",450,"2006-05-03","Caribbean reef shark","M",77,84,101,"G",2006,"2006-12-27",1.7516,2.0972,8.7578
"400",451,"2006-05-03","Nurse shark","M",170,NA,232,"E",2006,"2006-07-29",2.3302,3.1856,58.2545
"401",452,"2006-05-03","Nurse shark","M",170,NA,232,"E",2006,"2006-09-06",2.6353,2.775,21.0824
"402",453,"2006-05-03","Nurse shark","M",170,NA,232,"E",2006,"2006-12-27",1.7516,2.0972,8.7578
"403",454,"2006-05-04","Nurse shark","F",132,NA,177,"E",2006,"2006-07-29",2.3302,3.1856,58.2545
"404",455,"2006-05-04","Nurse shark","F",132,NA,177,"E",2006,"2006-09-06",2.6353,2.775,21.0824
"405",456,"2006-05-04","Nurse shark","F",132,NA,177,"E",2006,"2006-12-27",1.7516,2.0972,8.7578
"406",457,"2006-05-04","Other","F",67,71,83,"D",2006,"2006-07-29",2.3302,3.1856,58.2545
"407",458,"2006-05-04","Other","F",67,71,83,"D",2006,"2006-09-06",2.6353,2.775,21.0824
"408",459,"2006-05-04","Other","F",67,71,83,"D",2006,"2006-12-27",1.7516,2.0972,8.7578
"409",460,"2006-05-04","Nurse shark","F",130,NA,168,"E",2006,"2006-07-29",2.3302,3.1856,58.2545
"410",461,"2006-05-04","Nurse shark","F",130,NA,168,"E",2006,"2006-09-06",2.6353,2.775,21.0824
"411",462,"2006-05-04","Nurse shark","F",130,NA,168,"E",2006,"2006-12-27",1.7516,2.0972,8.7578
"412",463,"2006-05-04","Nurse shark","F",154,NA,215,"E",2006,"2006-07-29",2.3302,3.1856,58.2545
"413",464,"2006-05-04","Nurse shark","F",154,NA,215,"E",2006,"2006-09-06",2.6353,2.775,21.0824
"414",465,"2006-05-04","Nurse shark","F",154,NA,215,"E",2006,"2006-12-27",1.7516,2.0972,8.7578
"415",466,"2006-05-04","Nurse shark","F",101,NA,147,"E",2006,"2006-07-29",2.3302,3.1856,58.2545
"416",467,"2006-05-04","Nurse shark","F",101,NA,147,"E",2006,"2006-09-06",2.6353,2.775,21.0824
"417",468,"2006-05-04","Nurse shark","F",101,NA,147,"E",2006,"2006-12-27",1.7516,2.0972,8.7578
"418",469,"2006-05-04","Nurse shark","F",95,NA,136,"E",2006,"2006-07-29",2.3302,3.1856,58.2545
"419",470,"2006-05-04","Nurse shark","F",95,NA,136,"E",2006,"2006-09-06",2.6353,2.775,21.0824
"420",471,"2006-05-04","Nurse shark","F",95,NA,136,"E",2006,"2006-12-27",1.7516,2.0972,8.7578
"421",472,"2006-05-04","Nurse shark","M",101,NA,144,"E",2006,"2006-07-29",2.3302,3.1856,58.2545
"422",473,"2006-05-04","Nurse shark","M",101,NA,144,"E",2006,"2006-09-06",2.6353,2.775,21.0824
"423",474,"2006-05-04","Nurse shark","M",101,NA,144,"E",2006,"2006-12-27",1.7516,2.0972,8.7578
"424",475,"2006-05-05","Caribbean reef shark","F",59,63,80,"E",2006,"2006-07-29",2.3302,3.1856,58.2545
"425",476,"2006-05-05","Caribbean reef shark","F",59,63,80,"E",2006,"2006-09-06",2.6353,2.775,21.0824
"426",477,"2006-05-05","Caribbean reef shark","F",59,63,80,"E",2006,"2006-12-27",1.7516,2.0972,8.7578
"427",478,"2006-05-05","Caribbean reef shark","F",64,71,90,"E",2006,"2006-07-29",2.3302,3.1856,58.2545
"428",479,"2006-05-05","Caribbean reef shark","F",64,71,90,"E",2006,"2006-09-06",2.6353,2.775,21.0824
"429",480,"2006-05-05","Caribbean reef shark","F",64,71,90,"E",2006,"2006-12-27",1.7516,2.0972,8.7578
"430",481,"2006-05-05","Caribbean reef shark","M",64,70,86,"E",2006,"2006-07-29",2.3302,3.1856,58.2545
"431",482,"2006-05-05","Caribbean reef shark","M",64,70,86,"E",2006,"2006-09-06",2.6353,2.775,21.0824
"432",483,"2006-05-05","Caribbean reef shark","M",64,70,86,"E",2006,"2006-12-27",1.7516,2.0972,8.7578
"433",484,"2006-05-05","Nurse shark","M",114,NA,150,"E",2006,"2006-07-29",2.3302,3.1856,58.2545
"434",485,"2006-05-05","Nurse shark","M",114,NA,150,"E",2006,"2006-09-06",2.6353,2.775,21.0824
"435",486,"2006-05-05","Nurse shark","M",114,NA,150,"E",2006,"2006-12-27",1.7516,2.0972,8.7578
"436",487,"2006-05-05","Nurse shark","M",121,NA,163,"E",2006,"2006-07-29",2.3302,3.1856,58.2545
"437",488,"2006-05-05","Nurse shark","M",121,NA,163,"E",2006,"2006-09-06",2.6353,2.775,21.0824
"438",489,"2006-05-05","Nurse shark","M",121,NA,163,"E",2006,"2006-12-27",1.7516,2.0972,8.7578
"439",490,"2006-05-05","Nurse shark","M",165,NA,229,"E",2006,"2006-07-29",2.3302,3.1856,58.2545
"440",491,"2006-05-05","Nurse shark","M",165,NA,229,"E",2006,"2006-09-06",2.6353,2.775,21.0824
"441",492,"2006-05-05","Nurse shark","M",165,NA,229,"E",2006,"2006-12-27",1.7516,2.0972,8.7578
"442",493,"2006-05-05","Nurse shark","F",108,NA,195,"E",2006,"2006-07-29",2.3302,3.1856,58.2545
"443",494,"2006-05-05","Nurse shark","F",108,NA,195,"E",2006,"2006-09-06",2.6353,2.775,21.0824
"444",495,"2006-05-05","Nurse shark","F",108,NA,195,"E",2006,"2006-12-27",1.7516,2.0972,8.7578
"445",496,"2006-05-05","Nurse shark","M",131,NA,184,"E",2006,"2006-07-29",2.3302,3.1856,58.2545
"446",497,"2006-05-05","Nurse shark","M",131,NA,184,"E",2006,"2006-09-06",2.6353,2.775,21.0824
"447",498,"2006-05-05","Nurse shark","M",131,NA,184,"E",2006,"2006-12-27",1.7516,2.0972,8.7578
"448",499,"2006-05-06","Caribbean reef shark","F",64,66,85,"G",2006,"2006-07-29",2.3302,3.1856,58.2545
"449",500,"2006-05-06","Caribbean reef shark","F",64,66,85,"G",2006,"2006-09-06",2.6353,2.775,21.0824
"450",501,"2006-05-06","Caribbean reef shark","F",64,66,85,"G",2006,"2006-12-27",1.7516,2.0972,8.7578
"451",502,"2006-05-06","Caribbean reef shark","F",58.5,62,76,"G",2006,"2006-07-29",2.3302,3.1856,58.2545
"452",503,"2006-05-06","Caribbean reef shark","F",58.5,62,76,"G",2006,"2006-09-06",2.6353,2.775,21.0824
"453",504,"2006-05-06","Caribbean reef shark","F",58.5,62,76,"G",2006,"2006-12-27",1.7516,2.0972,8.7578
"454",505,"2006-05-06","Nurse shark","F",110.5,NA,155.5,"E",2006,"2006-07-29",2.3302,3.1856,58.2545
"455",506,"2006-05-06","Nurse shark","F",110.5,NA,155.5,"E",2006,"2006-09-06",2.6353,2.775,21.0824
"456",507,"2006-05-06","Nurse shark","F",110.5,NA,155.5,"E",2006,"2006-12-27",1.7516,2.0972,8.7578
"457",508,"2006-05-06","Caribbean reef shark","M",58,65,79,"D",2006,"2006-07-29",2.3302,3.1856,58.2545
"458",509,"2006-05-06","Caribbean reef shark","M",58,65,79,"D",2006,"2006-09-06",2.6353,2.775,21.0824
"459",510,"2006-05-06","Caribbean reef shark","M",58,65,79,"D",2006,"2006-12-27",1.7516,2.0972,8.7578
"460",511,"2006-05-06","Caribbean reef shark","M",73,80,100,"E",2006,"2006-07-29",2.3302,3.1856,58.2545
"461",512,"2006-05-06","Caribbean reef shark","M",73,80,100,"E",2006,"2006-09-06",2.6353,2.775,21.0824
"462",513,"2006-05-06","Caribbean reef shark","M",73,80,100,"E",2006,"2006-12-27",1.7516,2.0972,8.7578
"463",514,"2006-05-07","Caribbean reef shark","F",58,63,77,"E",2006,"2006-07-29",2.3302,3.1856,58.2545
"464",515,"2006-05-07","Caribbean reef shark","F",58,63,77,"E",2006,"2006-09-06",2.6353,2.775,21.0824
"465",516,"2006-05-07","Caribbean reef shark","F",58,63,77,"E",2006,"2006-12-27",1.7516,2.0972,8.7578
"466",517,"2006-05-07","Nurse shark","F",154,NA,216,"E",2006,"2006-07-29",2.3302,3.1856,58.2545
"467",518,"2006-05-07","Nurse shark","F",154,NA,216,"E",2006,"2006-09-06",2.6353,2.775,21.0824
"468",519,"2006-05-07","Nurse shark","F",154,NA,216,"E",2006,"2006-12-27",1.7516,2.0972,8.7578
"469",520,"2006-05-07","Caribbean reef shark","F",69,74,93,"E",2006,"2006-07-29",2.3302,3.1856,58.2545
"470",521,"2006-05-07","Caribbean reef shark","F",69,74,93,"E",2006,"2006-09-06",2.6353,2.775,21.0824
"471",522,"2006-05-07","Caribbean reef shark","F",69,74,93,"E",2006,"2006-12-27",1.7516,2.0972,8.7578
"472",523,"2006-05-07","Caribbean reef shark","M",69,76,94,"E",2006,"2006-07-29",2.3302,3.1856,58.2545
"473",524,"2006-05-07","Caribbean reef shark","M",69,76,94,"E",2006,"2006-09-06",2.6353,2.775,21.0824
"474",525,"2006-05-07","Caribbean reef shark","M",69,76,94,"E",2006,"2006-12-27",1.7516,2.0972,8.7578
"475",526,"2006-05-07","Caribbean reef shark","F",65,71,88,"E",2006,"2006-07-29",2.3302,3.1856,58.2545
"476",527,"2006-05-07","Caribbean reef shark","F",65,71,88,"E",2006,"2006-09-06",2.6353,2.775,21.0824
"477",528,"2006-05-07","Caribbean reef shark","F",65,71,88,"E",2006,"2006-12-27",1.7516,2.0972,8.7578
"478",529,"2006-05-08","Nurse shark","M",97,NA,144,"E",2006,"2006-07-29",2.3302,3.1856,58.2545
"479",530,"2006-05-08","Nurse shark","M",97,NA,144,"E",2006,"2006-09-06",2.6353,2.775,21.0824
"480",531,"2006-05-08","Nurse shark","M",97,NA,144,"E",2006,"2006-12-27",1.7516,2.0972,8.7578
"481",532,"2006-05-09","Caribbean reef shark","F",100,110,136,"G",2006,"2006-07-29",2.3302,3.1856,58.2545
"482",533,"2006-05-09","Caribbean reef shark","F",100,110,136,"G",2006,"2006-09-06",2.6353,2.775,21.0824
"483",534,"2006-05-09","Caribbean reef shark","F",100,110,136,"G",2006,"2006-12-27",1.7516,2.0972,8.7578
"484",535,"2006-05-09","Caribbean reef shark","M",127,137,166,"G",2006,"2006-07-29",2.3302,3.1856,58.2545
"485",536,"2006-05-09","Caribbean reef shark","M",127,137,166,"G",2006,"2006-09-06",2.6353,2.775,21.0824
"486",537,"2006-05-09","Caribbean reef shark","M",127,137,166,"G",2006,"2006-12-27",1.7516,2.0972,8.7578
"487",538,"2006-05-09","Nurse shark","F",114,NA,160,"E",2006,"2006-07-29",2.3302,3.1856,58.2545
"488",539,"2006-05-09","Nurse shark","F",114,NA,160,"E",2006,"2006-09-06",2.6353,2.775,21.0824
"489",540,"2006-05-09","Nurse shark","F",114,NA,160,"E",2006,"2006-12-27",1.7516,2.0972,8.7578
"490",541,"2006-05-09","Nurse shark","M",137,NA,187,"E",2006,"2006-07-29",2.3302,3.1856,58.2545
"491",542,"2006-05-09","Nurse shark","M",137,NA,187,"E",2006,"2006-09-06",2.6353,2.775,21.0824
"492",543,"2006-05-09","Nurse shark","M",137,NA,187,"E",2006,"2006-12-27",1.7516,2.0972,8.7578
"493",544,"2006-05-09","Nurse shark","M",141,NA,187,"E",2006,"2006-07-29",2.3302,3.1856,58.2545
"494",545,"2006-05-09","Nurse shark","M",141,NA,187,"E",2006,"2006-09-06",2.6353,2.775,21.0824
"495",546,"2006-05-09","Nurse shark","M",141,NA,187,"E",2006,"2006-12-27",1.7516,2.0972,8.7578
"496",583,"2008-04-30","Nurse shark","M",74,NA,112,"E",2008,"2008-10-30",2.8438,3.8739,25.5938
"497",584,"2008-04-30","Nurse shark","M",74,NA,112,"E",2008,"2008-12-02",1.8356,1.9758,20.192
"498",585,"2008-04-30","Nurse shark","M",126,NA,185,"E",2008,"2008-10-30",2.8438,3.8739,25.5938
"499",586,"2008-04-30","Nurse shark","M",126,NA,185,"E",2008,"2008-12-02",1.8356,1.9758,20.192
"500",587,"2008-05-01","Nurse shark","F",138,NA,204,"E",2008,"2008-10-30",2.8438,3.8739,25.5938
"501",588,"2008-05-01","Nurse shark","F",138,NA,204,"E",2008,"2008-12-02",1.8356,1.9758,20.192
"502",589,"2008-05-01","Nurse shark","F",120,NA,170,"E",2008,"2008-10-30",2.8438,3.8739,25.5938
"503",590,"2008-05-01","Nurse shark","F",120,NA,170,"E",2008,"2008-12-02",1.8356,1.9758,20.192
"504",591,"2008-05-01","Nurse shark","M",108,NA,154,"E",2008,"2008-10-30",2.8438,3.8739,25.5938
"505",592,"2008-05-01","Nurse shark","M",108,NA,154,"E",2008,"2008-12-02",1.8356,1.9758,20.192
"506",593,"2008-05-01","Nurse shark","M",122,NA,172,"E",2008,"2008-10-30",2.8438,3.8739,25.5938
"507",594,"2008-05-01","Nurse shark","M",122,NA,172,"E",2008,"2008-12-02",1.8356,1.9758,20.192
"508",595,"2008-05-01","Nurse shark","M",100,NA,145,"E",2008,"2008-10-30",2.8438,3.8739,25.5938
"509",596,"2008-05-01","Nurse shark","M",100,NA,145,"E",2008,"2008-12-02",1.8356,1.9758,20.192
"510",597,"2008-05-02","Nurse shark","F",171,NA,235,"E",2008,"2008-10-30",2.8438,3.8739,25.5938
"511",598,"2008-05-02","Nurse shark","F",171,NA,235,"E",2008,"2008-12-02",1.8356,1.9758,20.192
"512",599,"2008-05-02","Nurse shark","F",113,NA,166,"E",2008,"2008-10-30",2.8438,3.8739,25.5938
"513",600,"2008-05-02","Nurse shark","F",113,NA,166,"E",2008,"2008-12-02",1.8356,1.9758,20.192
"514",601,"2008-05-02","Nurse shark","F",92,NA,134,"E",2008,"2008-10-30",2.8438,3.8739,25.5938
"515",602,"2008-05-02","Nurse shark","F",92,NA,134,"E",2008,"2008-12-02",1.8356,1.9758,20.192
"516",603,"2008-05-04","Nurse shark","F",153,NA,215,"E",2008,"2008-10-30",2.8438,3.8739,25.5938
"517",604,"2008-05-04","Nurse shark","F",153,NA,215,"E",2008,"2008-12-02",1.8356,1.9758,20.192
"518",605,"2008-05-04","Nurse shark","M",117,NA,171,"E",2008,"2008-10-30",2.8438,3.8739,25.5938
"519",606,"2008-05-04","Nurse shark","M",117,NA,171,"E",2008,"2008-12-02",1.8356,1.9758,20.192
"520",607,"2008-05-04","Nurse shark","M",146,NA,209,"E",2008,"2008-10-30",2.8438,3.8739,25.5938
"521",608,"2008-05-04","Nurse shark","M",146,NA,209,"E",2008,"2008-12-02",1.8356,1.9758,20.192
"522",609,"2008-05-04","Other","M",162,177,216,"E",2008,"2008-10-30",2.8438,3.8739,25.5938
"523",610,"2008-05-04","Other","M",162,177,216,"E",2008,"2008-12-02",1.8356,1.9758,20.192
"524",611,"2008-05-04","Other","F",187,201,249,"E",2008,"2008-10-30",2.8438,3.8739,25.5938
"525",612,"2008-05-04","Other","F",187,201,249,"E",2008,"2008-12-02",1.8356,1.9758,20.192
"526",613,"2008-05-04","Caribbean reef shark","M",71,77,97,"E",2008,"2008-10-30",2.8438,3.8739,25.5938
"527",614,"2008-05-04","Caribbean reef shark","M",71,77,97,"E",2008,"2008-12-02",1.8356,1.9758,20.192
"528",615,"2008-05-04","Caribbean reef shark","M",67,75,91,"G",2008,"2008-10-30",2.8438,3.8739,25.5938
"529",616,"2008-05-04","Caribbean reef shark","M",67,75,91,"G",2008,"2008-12-02",1.8356,1.9758,20.192
"530",617,"2008-05-05","Caribbean reef shark","M",64,73,84,"G",2008,"2008-10-30",2.8438,3.8739,25.5938
"531",618,"2008-05-05","Caribbean reef shark","M",64,73,84,"G",2008,"2008-12-02",1.8356,1.9758,20.192
"532",619,"2008-05-05","Other","F",61,66,81,"G",2008,"2008-10-30",2.8438,3.8739,25.5938
"533",620,"2008-05-05","Other","F",61,66,81,"G",2008,"2008-12-02",1.8356,1.9758,20.192
"534",621,"2008-05-05","Nurse shark","M",95,NA,145,"E",2008,"2008-10-30",2.8438,3.8739,25.5938
"535",622,"2008-05-05","Nurse shark","M",95,NA,145,"E",2008,"2008-12-02",1.8356,1.9758,20.192
"536",623,"2008-05-05","Nurse shark","F",125,NA,185,"E",2008,"2008-10-30",2.8438,3.8739,25.5938
"537",624,"2008-05-05","Nurse shark","F",125,NA,185,"E",2008,"2008-12-02",1.8356,1.9758,20.192
"538",625,"2008-05-05","Nurse shark","M",86,NA,111,"E",2008,"2008-10-30",2.8438,3.8739,25.5938
"539",626,"2008-05-05","Nurse shark","M",86,NA,111,"E",2008,"2008-12-02",1.8356,1.9758,20.192
"540",627,"2008-05-06","Caribbean reef shark","M",68,76,91,"E",2008,"2008-10-30",2.8438,3.8739,25.5938
"541",628,"2008-05-06","Caribbean reef shark","M",68,76,91,"E",2008,"2008-12-02",1.8356,1.9758,20.192
"542",629,"2008-05-06","Caribbean reef shark","F",74,85,101,"E",2008,"2008-10-30",2.8438,3.8739,25.5938
"543",630,"2008-05-06","Caribbean reef shark","F",74,85,101,"E",2008,"2008-12-02",1.8356,1.9758,20.192
"544",631,"2008-05-06","Other","F",149,161,201,"E",2008,"2008-10-30",2.8438,3.8739,25.5938
"545",632,"2008-05-06","Other","F",149,161,201,"E",2008,"2008-12-02",1.8356,1.9758,20.192
"546",633,"2008-05-06","Nurse shark","F",117,NA,171,"E",2008,"2008-10-30",2.8438,3.8739,25.5938
"547",634,"2008-05-06","Nurse shark","F",117,NA,171,"E",2008,"2008-12-02",1.8356,1.9758,20.192
"548",635,"2008-05-06","Nurse shark","F",156,NA,224,"E",2008,"2008-10-30",2.8438,3.8739,25.5938
"549",636,"2008-05-06","Nurse shark","F",156,NA,224,"E",2008,"2008-12-02",1.8356,1.9758,20.192
"550",637,"2008-05-06","Nurse shark","M",137,NA,194,"E",2008,"2008-10-30",2.8438,3.8739,25.5938
"551",638,"2008-05-06","Nurse shark","M",137,NA,194,"E",2008,"2008-12-02",1.8356,1.9758,20.192
"552",639,"2008-05-06","Nurse shark","F",153,NA,226,"E",2008,"2008-10-30",2.8438,3.8739,25.5938
"553",640,"2008-05-06","Nurse shark","F",153,NA,226,"E",2008,"2008-12-02",1.8356,1.9758,20.192
"554",641,"2008-05-06","Nurse shark","F",131,NA,195,"E",2008,"2008-10-30",2.8438,3.8739,25.5938
"555",642,"2008-05-06","Nurse shark","F",131,NA,195,"E",2008,"2008-12-02",1.8356,1.9758,20.192
"556",643,"2008-05-06","Other","F",66,72,87,"D",2008,"2008-10-30",2.8438,3.8739,25.5938
"557",644,"2008-05-06","Other","F",66,72,87,"D",2008,"2008-12-02",1.8356,1.9758,20.192
"558",645,"2008-05-07","Nurse shark","M",154,NA,224,"E",2008,"2008-10-30",2.8438,3.8739,25.5938
"559",646,"2008-05-07","Nurse shark","M",154,NA,224,"E",2008,"2008-12-02",1.8356,1.9758,20.192
"560",647,"2008-05-07","Nurse shark","F",145,NA,210,"E",2008,"2008-10-30",2.8438,3.8739,25.5938
"561",648,"2008-05-07","Nurse shark","F",145,NA,210,"E",2008,"2008-12-02",1.8356,1.9758,20.192
"562",649,"2008-05-07","Nurse shark","F",165,NA,232,"E",2008,"2008-10-30",2.8438,3.8739,25.5938
"563",650,"2008-05-07","Nurse shark","F",165,NA,232,"E",2008,"2008-12-02",1.8356,1.9758,20.192
"564",651,"2008-05-07","Nurse shark","M",153,NA,226,"E",2008,"2008-10-30",2.8438,3.8739,25.5938
"565",652,"2008-05-07","Nurse shark","M",153,NA,226,"E",2008,"2008-12-02",1.8356,1.9758,20.192
"566",653,"2008-05-07","Nurse shark","M",131,NA,192,"E",2008,"2008-10-30",2.8438,3.8739,25.5938
"567",654,"2008-05-07","Nurse shark","M",131,NA,192,"E",2008,"2008-12-02",1.8356,1.9758,20.192
"568",655,"2008-05-07","Nurse shark","M",140,NA,203,"E",2008,"2008-10-30",2.8438,3.8739,25.5938
"569",656,"2008-05-07","Nurse shark","M",140,NA,203,"E",2008,"2008-12-02",1.8356,1.9758,20.192
"570",657,"2008-05-07","Nurse shark","F",160,NA,229,"E",2008,"2008-10-30",2.8438,3.8739,25.5938
"571",658,"2008-05-07","Nurse shark","F",160,NA,229,"E",2008,"2008-12-02",1.8356,1.9758,20.192
"572",671,"2010-05-01","Caribbean reef shark","F",72,80,101,"E",2010,"2010-01-12",1.6788,2.2207,20.1452
"573",672,"2010-05-01","Nurse shark","M",163.5,NA,227,"E",2010,"2010-01-12",1.6788,2.2207,20.1452
"574",673,"2010-05-02","Caribbean reef shark","M",67,76,93,"P",2010,"2010-01-12",1.6788,2.2207,20.1452
"575",674,"2010-05-02","Caribbean reef shark","F",78,87,107,"G",2010,"2010-01-12",1.6788,2.2207,20.1452
"576",675,"2010-05-02","Nurse shark","M",150,NA,225,"E",2010,"2010-01-12",1.6788,2.2207,20.1452
"577",676,"2010-05-02","Nurse shark","F",130,NA,184,"E",2010,"2010-01-12",1.6788,2.2207,20.1452
"578",677,"2010-05-02","Nurse shark","M",127,NA,177,"E",2010,"2010-01-12",1.6788,2.2207,20.1452
"579",678,"2010-05-02","Nurse shark","M",107,NA,151,"G",2010,"2010-01-12",1.6788,2.2207,20.1452
"580",679,"2010-05-02","Nurse shark","M",50,NA,92,"E",2010,"2010-01-12",1.6788,2.2207,20.1452
"581",680,"2010-05-02","Nurse shark","M",108,NA,145,"E",2010,"2010-01-12",1.6788,2.2207,20.1452
"582",681,"2010-05-02","Nurse shark","F",108,NA,159,"G",2010,"2010-01-12",1.6788,2.2207,20.1452
"583",682,"2010-05-03","Caribbean reef shark","F",52,59,73,"E",2010,"2010-01-12",1.6788,2.2207,20.1452
"584",683,"2010-05-03","Caribbean reef shark","F",102,111,133,"G",2010,"2010-01-12",1.6788,2.2207,20.1452
"585",684,"2010-05-03","Caribbean reef shark","M",133,143,182,"G",2010,"2010-01-12",1.6788,2.2207,20.1452
"586",685,"2010-05-03","Nurse shark","M",149,NA,223,"G",2010,"2010-01-12",1.6788,2.2207,20.1452
"587",686,"2010-05-10","Caribbean reef shark","F",71,81,95,"G",2010,"2010-01-12",1.6788,2.2207,20.1452
"588",687,"2010-05-10","Nurse shark","F",94,NA,126,"G",2010,"2010-01-12",1.6788,2.2207,20.1452
"589",777,"2012-05-22","Caribbean reef shark","M",70,77,92,"E",2012,"2012-09-06",3.7016,4.2382,22.2094
"590",778,"2012-05-22","Caribbean reef shark","M",70,77,92,"E",2012,"2012-10-04",3.6489,5.1625,153.2546
"591",779,"2012-05-22","Caribbean reef shark","F",88,95,116,"E",2012,"2012-09-06",3.7016,4.2382,22.2094
"592",780,"2012-05-22","Caribbean reef shark","F",88,95,116,"E",2012,"2012-10-04",3.6489,5.1625,153.2546
"593",781,"2012-05-22","Caribbean reef shark","F",63,69,85,"E",2012,"2012-09-06",3.7016,4.2382,22.2094
"594",782,"2012-05-22","Caribbean reef shark","F",63,69,85,"E",2012,"2012-10-04",3.6489,5.1625,153.2546
"595",783,"2012-05-22","Caribbean reef shark","F",89,98,120,"E",2012,"2012-09-06",3.7016,4.2382,22.2094
"596",784,"2012-05-22","Caribbean reef shark","F",89,98,120,"E",2012,"2012-10-04",3.6489,5.1625,153.2546
"597",785,"2012-05-23","Caribbean reef shark","F",73,82,99,"E",2012,"2012-09-06",3.7016,4.2382,22.2094
"598",786,"2012-05-23","Caribbean reef shark","F",73,82,99,"E",2012,"2012-10-04",3.6489,5.1625,153.2546
"599",787,"2012-05-23","Caribbean reef shark","M",140,153,187,"G",2012,"2012-09-06",3.7016,4.2382,22.2094
"600",788,"2012-05-23","Caribbean reef shark","M",140,153,187,"G",2012,"2012-10-04",3.6489,5.1625,153.2546
"601",789,"2012-05-23","Nurse shark","F",131,NA,184,"G",2012,"2012-09-06",3.7016,4.2382,22.2094
"602",790,"2012-05-23","Nurse shark","F",131,NA,184,"G",2012,"2012-10-04",3.6489,5.1625,153.2546
"603",791,"2012-05-24","Caribbean reef shark","F",69,75,90,"G",2012,"2012-09-06",3.7016,4.2382,22.2094
"604",792,"2012-05-24","Caribbean reef shark","F",69,75,90,"G",2012,"2012-10-04",3.6489,5.1625,153.2546
"605",793,"2012-05-24","Caribbean reef shark","M",NA,NA,190,"P",2012,"2012-09-06",3.7016,4.2382,22.2094
"606",794,"2012-05-24","Caribbean reef shark","M",NA,NA,190,"P",2012,"2012-10-04",3.6489,5.1625,153.2546
"607",795,"2012-05-24","Caribbean reef shark","M",140,154,188,"E",2012,"2012-09-06",3.7016,4.2382,22.2094
"608",796,"2012-05-24","Caribbean reef shark","M",140,154,188,"E",2012,"2012-10-04",3.6489,5.1625,153.2546
"609",797,"2012-05-24","Caribbean reef shark","M",68,77,92,"E",2012,"2012-09-06",3.7016,4.2382,22.2094
"610",798,"2012-05-24","Caribbean reef shark","M",68,77,92,"E",2012,"2012-10-04",3.6489,5.1625,153.2546
"611",799,"2012-05-24","Nurse shark","F",168,NA,232,"E",2012,"2012-09-06",3.7016,4.2382,22.2094
"612",800,"2012-05-24","Nurse shark","F",168,NA,232,"E",2012,"2012-10-04",3.6489,5.1625,153.2546
"613",801,"2012-05-24","Nurse shark","F",130,NA,187,"E",2012,"2012-09-06",3.7016,4.2382,22.2094
"614",802,"2012-05-24","Nurse shark","F",130,NA,187,"E",2012,"2012-10-04",3.6489,5.1625,153.2546
"615",803,"2012-05-24","Nurse shark","F",129,NA,188,"E",2012,"2012-09-06",3.7016,4.2382,22.2094
"616",804,"2012-05-24","Nurse shark","F",129,NA,188,"E",2012,"2012-10-04",3.6489,5.1625,153.2546
"617",805,"2012-05-24","Nurse shark","F",147,NA,214,"E",2012,"2012-09-06",3.7016,4.2382,22.2094
"618",806,"2012-05-24","Nurse shark","F",147,NA,214,"E",2012,"2012-10-04",3.6489,5.1625,153.2546
"619",807,"2012-05-24","Nurse shark","F",142,NA,203,"E",2012,"2012-09-06",3.7016,4.2382,22.2094
"620",808,"2012-05-24","Nurse shark","F",142,NA,203,"E",2012,"2012-10-04",3.6489,5.1625,153.2546
"621",809,"2012-05-26","Caribbean reef shark","F",90,100,126,"E",2012,"2012-09-06",3.7016,4.2382,22.2094
"622",810,"2012-05-26","Caribbean reef shark","F",90,100,126,"E",2012,"2012-10-04",3.6489,5.1625,153.2546
"623",811,"2012-05-26","Caribbean reef shark","M",62,70,83,"E",2012,"2012-09-06",3.7016,4.2382,22.2094
"624",812,"2012-05-26","Caribbean reef shark","M",62,70,83,"E",2012,"2012-10-04",3.6489,5.1625,153.2546
"625",813,"2012-05-30","Caribbean reef shark","F",140,158,187,"E",2012,"2012-09-06",3.7016,4.2382,22.2094
"626",814,"2012-05-30","Caribbean reef shark","F",140,158,187,"E",2012,"2012-10-04",3.6489,5.1625,153.2546
"627",815,"2012-05-31","Nurse shark","M",145,NA,227,"E",2012,"2012-09-06",3.7016,4.2382,22.2094
"628",816,"2012-05-31","Nurse shark","M",145,NA,227,"E",2012,"2012-10-04",3.6489,5.1625,153.2546
"629",817,"2012-06-01","Nurse shark","F",163,NA,224,"E",2012,"2012-09-06",3.7016,4.2382,22.2094
"630",818,"2012-06-01","Nurse shark","F",163,NA,224,"E",2012,"2012-10-04",3.6489,5.1625,153.2546
"631",819,"2012-06-01","Nurse shark","F",121,NA,174,"E",2012,"2012-09-06",3.7016,4.2382,22.2094
"632",820,"2012-06-01","Nurse shark","F",121,NA,174,"E",2012,"2012-10-04",3.6489,5.1625,153.2546
"633",821,"2012-06-01","Nurse shark","M",101,NA,144,"E",2012,"2012-09-06",3.7016,4.2382,22.2094
"634",822,"2012-06-01","Nurse shark","M",101,NA,144,"E",2012,"2012-10-04",3.6489,5.1625,153.2546
"635",823,"2012-06-01","Nurse shark","F",142,NA,194,"E",2012,"2012-09-06",3.7016,4.2382,22.2094
"636",824,"2012-06-01","Nurse shark","F",142,NA,194,"E",2012,"2012-10-04",3.6489,5.1625,153.2546
"637",825,"2012-06-01","Nurse shark","F",117,NA,164,"E",2012,"2012-09-06",3.7016,4.2382,22.2094
"638",826,"2012-06-01","Nurse shark","F",117,NA,164,"E",2012,"2012-10-04",3.6489,5.1625,153.2546
"639",827,"2012-06-02","Caribbean reef shark","F",73,84,100,"E",2012,"2012-09-06",3.7016,4.2382,22.2094
"640",828,"2012-06-02","Caribbean reef shark","F",73,84,100,"E",2012,"2012-10-04",3.6489,5.1625,153.2546
"641",829,"2012-06-02","Nurse shark","M",97,NA,136,"E",2012,"2012-09-06",3.7016,4.2382,22.2094
"642",830,"2012-06-02","Nurse shark","M",97,NA,136,"E",2012,"2012-10-04",3.6489,5.1625,153.2546
"643",831,"2012-06-02","Nurse shark","M",125,NA,157,"E",2012,"2012-09-06",3.7016,4.2382,22.2094
"644",832,"2012-06-02","Nurse shark","M",125,NA,157,"E",2012,"2012-10-04",3.6489,5.1625,153.2546
"645",833,"2012-06-02","Nurse shark","M",95,NA,141,"E",2012,"2012-09-06",3.7016,4.2382,22.2094
"646",834,"2012-06-02","Nurse shark","M",95,NA,141,"E",2012,"2012-10-04",3.6489,5.1625,153.2546
"647",835,"2012-06-02","Nurse shark","M",134,NA,190,"E",2012,"2012-09-06",3.7016,4.2382,22.2094
"648",836,"2012-06-02","Nurse shark","M",134,NA,190,"E",2012,"2012-10-04",3.6489,5.1625,153.2546
"649",837,"2012-06-03","Nurse shark","F",105,NA,146,"E",2012,"2012-09-06",3.7016,4.2382,22.2094
"650",838,"2012-06-03","Nurse shark","F",105,NA,146,"E",2012,"2012-10-04",3.6489,5.1625,153.2546
"651",839,"2012-06-03","Nurse shark","F",88,NA,120,"E",2012,"2012-09-06",3.7016,4.2382,22.2094
"652",840,"2012-06-03","Nurse shark","F",88,NA,120,"E",2012,"2012-10-04",3.6489,5.1625,153.2546
"653",841,"2012-06-04","Other","M",124,137,167,"G",2012,"2012-09-06",3.7016,4.2382,22.2094
"654",842,"2012-06-04","Other","M",124,137,167,"G",2012,"2012-10-04",3.6489,5.1625,153.2546
"655",843,"2012-06-04","Caribbean reef shark","M",100,109,132,"E",2012,"2012-09-06",3.7016,4.2382,22.2094
"656",844,"2012-06-04","Caribbean reef shark","M",100,109,132,"E",2012,"2012-10-04",3.6489,5.1625,153.2546
"657",845,"2012-06-04","Other","F",NA,NA,235,"G",2012,"2012-09-06",3.7016,4.2382,22.2094
"658",846,"2012-06-04","Other","F",NA,NA,235,"G",2012,"2012-10-04",3.6489,5.1625,153.2546
"659",847,"2012-06-04","Nurse shark","M",144,NA,184,"E",2012,"2012-09-06",3.7016,4.2382,22.2094
"660",848,"2012-06-04","Nurse shark","M",144,NA,184,"E",2012,"2012-10-04",3.6489,5.1625,153.2546
"661",849,"2012-06-04","Nurse shark","M",120,NA,186,"E",2012,"2012-09-06",3.7016,4.2382,22.2094
"662",850,"2012-06-04","Nurse shark","M",120,NA,186,"E",2012,"2012-10-04",3.6489,5.1625,153.2546
"663",851,"2012-06-04","Nurse shark","M",85,NA,140,"E",2012,"2012-09-06",3.7016,4.2382,22.2094
"664",852,"2012-06-04","Nurse shark","M",85,NA,140,"E",2012,"2012-10-04",3.6489,5.1625,153.2546
"665",853,"2012-06-07","Caribbean reef shark","M",122,131,159,"G",2012,"2012-09-06",3.7016,4.2382,22.2094
"666",854,"2012-06-07","Caribbean reef shark","M",122,131,159,"G",2012,"2012-10-04",3.6489,5.1625,153.2546
"667",855,"2012-06-07","Nurse shark","F",113,NA,161,"E",2012,"2012-09-06",3.7016,4.2382,22.2094
"668",856,"2012-06-07","Nurse shark","F",113,NA,161,"E",2012,"2012-10-04",3.6489,5.1625,153.2546
"669",857,"2012-06-08","Other","F",135,146,167,"E",2012,"2012-09-06",3.7016,4.2382,22.2094
"670",858,"2012-06-08","Other","F",135,146,167,"E",2012,"2012-10-04",3.6489,5.1625,153.2546
"671",859,"2012-06-08","Nurse shark","F",86.1,NA,124,"E",2012,"2012-09-06",3.7016,4.2382,22.2094
"672",860,"2012-06-08","Nurse shark","F",86.1,NA,124,"E",2012,"2012-10-04",3.6489,5.1625,153.2546
"673",861,"2012-06-08","Nurse shark","M",100,NA,137,"E",2012,"2012-09-06",3.7016,4.2382,22.2094
"674",862,"2012-06-08","Nurse shark","M",100,NA,137,"E",2012,"2012-10-04",3.6489,5.1625,153.2546
"675",863,"2012-06-08","Nurse shark","M",113,NA,148,"E",2012,"2012-09-06",3.7016,4.2382,22.2094
"676",864,"2012-06-08","Nurse shark","M",113,NA,148,"E",2012,"2012-10-04",3.6489,5.1625,153.2546
"677",865,"2012-06-08","Nurse shark","F",101,NA,129,"E",2012,"2012-09-06",3.7016,4.2382,22.2094
"678",866,"2012-06-08","Nurse shark","F",101,NA,129,"E",2012,"2012-10-04",3.6489,5.1625,153.2546
"679",867,"2012-06-09","Nurse shark","F",145,NA,203,"E",2012,"2012-09-06",3.7016,4.2382,22.2094
"680",868,"2012-06-09","Nurse shark","F",145,NA,203,"E",2012,"2012-10-04",3.6489,5.1625,153.2546
"681",869,"2012-06-09","Nurse shark","F",89,NA,127,"E",2012,"2012-09-06",3.7016,4.2382,22.2094
"682",870,"2012-06-09","Nurse shark","F",89,NA,127,"E",2012,"2012-10-04",3.6489,5.1625,153.2546
"683",871,"2012-06-09","Nurse shark","F",108,NA,150,"E",2012,"2012-09-06",3.7016,4.2382,22.2094
"684",872,"2012-06-09","Nurse shark","F",108,NA,150,"E",2012,"2012-10-04",3.6489,5.1625,153.2546
"685",873,"2012-06-11","Other","M",NA,NA,95,"E",2012,"2012-09-06",3.7016,4.2382,22.2094
"686",874,"2012-06-11","Other","M",NA,NA,95,"E",2012,"2012-10-04",3.6489,5.1625,153.2546
"687",875,"2012-06-11","Caribbean reef shark","F",153,170,205,"E",2012,"2012-09-06",3.7016,4.2382,22.2094
"688",876,"2012-06-11","Caribbean reef shark","F",153,170,205,"E",2012,"2012-10-04",3.6489,5.1625,153.2546
"689",877,"2012-06-11","Nurse shark","M",90,NA,125,"E",2012,"2012-09-06",3.7016,4.2382,22.2094
"690",878,"2012-06-11","Nurse shark","M",90,NA,125,"E",2012,"2012-10-04",3.6489,5.1625,153.2546
"691",879,"2012-06-11","Nurse shark","M",113,NA,160,"E",2012,"2012-09-06",3.7016,4.2382,22.2094
"692",880,"2012-06-11","Nurse shark","M",113,NA,160,"E",2012,"2012-10-04",3.6489,5.1625,153.2546
"693",881,"2012-06-11","Nurse shark","M",154,NA,210,"E",2012,"2012-09-06",3.7016,4.2382,22.2094
"694",882,"2012-06-11","Nurse shark","M",154,NA,210,"E",2012,"2012-10-04",3.6489,5.1625,153.2546
"695",883,"2012-06-11","Nurse shark","F",155,NA,204,"E",2012,"2012-09-06",3.7016,4.2382,22.2094
"696",884,"2012-06-11","Nurse shark","F",155,NA,204,"E",2012,"2012-10-04",3.6489,5.1625,153.2546
"697",885,"2012-06-12","Caribbean reef shark","M",140,150,183,"E",2012,"2012-09-06",3.7016,4.2382,22.2094
"698",886,"2012-06-12","Caribbean reef shark","M",140,150,183,"E",2012,"2012-10-04",3.6489,5.1625,153.2546
"699",887,"2012-07-10","Caribbean reef shark","M",56,66,78,"E",2012,"2012-09-06",3.7016,4.2382,22.2094
"700",888,"2012-07-10","Caribbean reef shark","M",56,66,78,"E",2012,"2012-10-04",3.6489,5.1625,153.2546
"701",889,"2012-07-10","Caribbean reef shark","M",58,64,77,"E",2012,"2012-09-06",3.7016,4.2382,22.2094
"702",890,"2012-07-10","Caribbean reef shark","M",58,64,77,"E",2012,"2012-10-04",3.6489,5.1625,153.2546
"703",891,"2013-05-28","Caribbean reef shark","F",103,113,140,"E",2013,"2013-05-16",1.4673,1.6053,7.3363
"704",892,"2013-05-28","Caribbean reef shark","F",103,113,140,"E",2013,"2013-07-17",2.1737,2.4643,21.7373
"705",893,"2013-05-28","Caribbean reef shark","M",100,111,138,"E",2013,"2013-05-16",1.4673,1.6053,7.3363
"706",894,"2013-05-28","Caribbean reef shark","M",100,111,138,"E",2013,"2013-07-17",2.1737,2.4643,21.7373
"707",895,"2013-05-28","Caribbean reef shark","F",125,138,171,"G",2013,"2013-05-16",1.4673,1.6053,7.3363
"708",896,"2013-05-28","Caribbean reef shark","F",125,138,171,"G",2013,"2013-07-17",2.1737,2.4643,21.7373
"709",897,"2013-05-28","Caribbean reef shark","M",138,152,183,"G",2013,"2013-05-16",1.4673,1.6053,7.3363
"710",898,"2013-05-28","Caribbean reef shark","M",138,152,183,"G",2013,"2013-07-17",2.1737,2.4643,21.7373
"711",899,"2013-05-29","Caribbean reef shark","F",69,76,96,"E",2013,"2013-05-16",1.4673,1.6053,7.3363
"712",900,"2013-05-29","Caribbean reef shark","F",69,76,96,"E",2013,"2013-07-17",2.1737,2.4643,21.7373
"713",901,"2013-05-29","Caribbean reef shark","M",69,77,94,"E",2013,"2013-05-16",1.4673,1.6053,7.3363
"714",902,"2013-05-29","Caribbean reef shark","M",69,77,94,"E",2013,"2013-07-17",2.1737,2.4643,21.7373
"715",903,"2013-05-29","Caribbean reef shark","M",68,75,93,"G",2013,"2013-05-16",1.4673,1.6053,7.3363
"716",904,"2013-05-29","Caribbean reef shark","M",68,75,93,"G",2013,"2013-07-17",2.1737,2.4643,21.7373
"717",905,"2013-05-30","Caribbean reef shark","F",80,89,100,"E",2013,"2013-05-16",1.4673,1.6053,7.3363
"718",906,"2013-05-30","Caribbean reef shark","F",80,89,100,"E",2013,"2013-07-17",2.1737,2.4643,21.7373
"719",907,"2013-05-31","Caribbean reef shark","F",66,73,88,"E",2013,"2013-05-16",1.4673,1.6053,7.3363
"720",908,"2013-05-31","Caribbean reef shark","F",66,73,88,"E",2013,"2013-07-17",2.1737,2.4643,21.7373
"721",909,"2013-05-31","Caribbean reef shark","F",65,72,85,"E",2013,"2013-05-16",1.4673,1.6053,7.3363
"722",910,"2013-05-31","Caribbean reef shark","F",65,72,85,"E",2013,"2013-07-17",2.1737,2.4643,21.7373
"723",911,"2013-05-31","Caribbean reef shark","M",135,149,181,"E",2013,"2013-05-16",1.4673,1.6053,7.3363
"724",912,"2013-05-31","Caribbean reef shark","M",135,149,181,"E",2013,"2013-07-17",2.1737,2.4643,21.7373
"725",913,"2013-06-03","Caribbean reef shark","F",138,157,188,"E",2013,"2013-05-16",1.4673,1.6053,7.3363
"726",914,"2013-06-03","Caribbean reef shark","F",138,157,188,"E",2013,"2013-07-17",2.1737,2.4643,21.7373
"727",915,"2013-06-03","Caribbean reef shark","M",67,78,93,"G",2013,"2013-05-16",1.4673,1.6053,7.3363
"728",916,"2013-06-03","Caribbean reef shark","M",67,78,93,"G",2013,"2013-07-17",2.1737,2.4643,21.7373
"729",917,"2013-06-03","Caribbean reef shark","M",81,90,102,"E",2013,"2013-05-16",1.4673,1.6053,7.3363
"730",918,"2013-06-03","Caribbean reef shark","M",81,90,102,"E",2013,"2013-07-17",2.1737,2.4643,21.7373
"731",919,"2013-06-04","Caribbean reef shark","M",68,77,92,"E",2013,"2013-05-16",1.4673,1.6053,7.3363
"732",920,"2013-06-04","Caribbean reef shark","M",68,77,92,"E",2013,"2013-07-17",2.1737,2.4643,21.7373
"733",921,"2013-06-04","Caribbean reef shark","M",71,82,95,"E",2013,"2013-05-16",1.4673,1.6053,7.3363
"734",922,"2013-06-04","Caribbean reef shark","M",71,82,95,"E",2013,"2013-07-17",2.1737,2.4643,21.7373
"735",923,"2013-06-04","Caribbean reef shark","F",70,80,95,"G",2013,"2013-05-16",1.4673,1.6053,7.3363
"736",924,"2013-06-04","Caribbean reef shark","F",70,80,95,"G",2013,"2013-07-17",2.1737,2.4643,21.7373
"737",925,"2013-06-05","Caribbean reef shark","F",155,168,204,"E",2013,"2013-05-16",1.4673,1.6053,7.3363
"738",926,"2013-06-05","Caribbean reef shark","F",155,168,204,"E",2013,"2013-07-17",2.1737,2.4643,21.7373
"739",927,"2013-06-06","Caribbean reef shark","F",68,76,92,"G",2013,"2013-05-16",1.4673,1.6053,7.3363
"740",928,"2013-06-06","Caribbean reef shark","F",68,76,92,"G",2013,"2013-07-17",2.1737,2.4643,21.7373
"741",929,"2013-06-07","Caribbean reef shark","M",68,76,92,"G",2013,"2013-05-16",1.4673,1.6053,7.3363
"742",930,"2013-06-07","Caribbean reef shark","M",68,76,92,"G",2013,"2013-07-17",2.1737,2.4643,21.7373
"743",931,"2013-06-07","Caribbean reef shark","F",80,89,100,"G",2013,"2013-05-16",1.4673,1.6053,7.3363
"744",932,"2013-06-07","Caribbean reef shark","F",80,89,100,"G",2013,"2013-07-17",2.1737,2.4643,21.7373
"745",933,"2013-06-07","Caribbean reef shark","M",69,77,97,"G",2013,"2013-05-16",1.4673,1.6053,7.3363
"746",934,"2013-06-07","Caribbean reef shark","M",69,77,97,"G",2013,"2013-07-17",2.1737,2.4643,21.7373
"747",935,"2013-05-29","Nurse shark","M",125,NA,187,"E",2013,"2013-05-16",1.4673,1.6053,7.3363
"748",936,"2013-05-29","Nurse shark","M",125,NA,187,"E",2013,"2013-07-17",2.1737,2.4643,21.7373
"749",937,"2013-05-29","Nurse shark","F",130,NA,175,"E",2013,"2013-05-16",1.4673,1.6053,7.3363
"750",938,"2013-05-29","Nurse shark","F",130,NA,175,"E",2013,"2013-07-17",2.1737,2.4643,21.7373
"751",939,"2013-05-29","Nurse shark","M",115,NA,163,"G",2013,"2013-05-16",1.4673,1.6053,7.3363
"752",940,"2013-05-29","Nurse shark","M",115,NA,163,"G",2013,"2013-07-17",2.1737,2.4643,21.7373
"753",941,"2013-05-29","Nurse shark","F",111,NA,149,"E",2013,"2013-05-16",1.4673,1.6053,7.3363
"754",942,"2013-05-29","Nurse shark","F",111,NA,149,"E",2013,"2013-07-17",2.1737,2.4643,21.7373
"755",943,"2013-05-29","Nurse shark","F",112,NA,150,"E",2013,"2013-05-16",1.4673,1.6053,7.3363
"756",944,"2013-05-29","Nurse shark","F",112,NA,150,"E",2013,"2013-07-17",2.1737,2.4643,21.7373
"757",945,"2013-05-29","Nurse shark","M",97,NA,140,"E",2013,"2013-05-16",1.4673,1.6053,7.3363
"758",946,"2013-05-29","Nurse shark","M",97,NA,140,"E",2013,"2013-07-17",2.1737,2.4643,21.7373
"759",947,"2013-05-29","Nurse shark","F",123,NA,173,"E",2013,"2013-05-16",1.4673,1.6053,7.3363
"760",948,"2013-05-29","Nurse shark","F",123,NA,173,"E",2013,"2013-07-17",2.1737,2.4643,21.7373
"761",949,"2013-06-03","Nurse shark","F",165,NA,220,"E",2013,"2013-05-16",1.4673,1.6053,7.3363
"762",950,"2013-06-03","Nurse shark","F",165,NA,220,"E",2013,"2013-07-17",2.1737,2.4643,21.7373
"763",951,"2013-06-05","Nurse shark","M",175,NA,230,"E",2013,"2013-05-16",1.4673,1.6053,7.3363
"764",952,"2013-06-05","Nurse shark","M",175,NA,230,"E",2013,"2013-07-17",2.1737,2.4643,21.7373
"765",953,"2013-06-06","Nurse shark","F",150,NA,210,"E",2013,"2013-05-16",1.4673,1.6053,7.3363
"766",954,"2013-06-06","Nurse shark","F",150,NA,210,"E",2013,"2013-07-17",2.1737,2.4643,21.7373
"767",955,"2013-06-06","Nurse shark","M",98,NA,150,"E",2013,"2013-05-16",1.4673,1.6053,7.3363
"768",956,"2013-06-06","Nurse shark","M",98,NA,150,"E",2013,"2013-07-17",2.1737,2.4643,21.7373
"769",957,"2013-06-06","Nurse shark","M",120,NA,151,"E",2013,"2013-05-16",1.4673,1.6053,7.3363
"770",958,"2013-06-06","Nurse shark","M",120,NA,151,"E",2013,"2013-07-17",2.1737,2.4643,21.7373
"771",959,"2013-06-06","Nurse shark","M",139,NA,195,"E",2013,"2013-05-16",1.4673,1.6053,7.3363
"772",960,"2013-06-06","Nurse shark","M",139,NA,195,"E",2013,"2013-07-17",2.1737,2.4643,21.7373
"773",961,"2013-06-06","Nurse shark","M",137,NA,194,"E",2013,"2013-05-16",1.4673,1.6053,7.3363
"774",962,"2013-06-06","Nurse shark","M",137,NA,194,"E",2013,"2013-07-17",2.1737,2.4643,21.7373
"775",963,"2013-06-06","Nurse shark","M",135,NA,186,"E",2013,"2013-05-16",1.4673,1.6053,7.3363
"776",964,"2013-06-06","Nurse shark","M",135,NA,186,"E",2013,"2013-07-17",2.1737,2.4643,21.7373
"777",965,"2013-06-06","Nurse shark","F",142,NA,199,"E",2013,"2013-05-16",1.4673,1.6053,7.3363
"778",966,"2013-06-06","Nurse shark","F",142,NA,199,"E",2013,"2013-07-17",2.1737,2.4643,21.7373
"779",967,"2013-06-06","Nurse shark","M",119,NA,169,"E",2013,"2013-05-16",1.4673,1.6053,7.3363
"780",968,"2013-06-06","Nurse shark","M",119,NA,169,"E",2013,"2013-07-17",2.1737,2.4643,21.7373
"781",969,"2013-06-07","Nurse shark","M",108,NA,135,"E",2013,"2013-05-16",1.4673,1.6053,7.3363
"782",970,"2013-06-07","Nurse shark","M",108,NA,135,"E",2013,"2013-07-17",2.1737,2.4643,21.7373
"783",971,"2013-06-07","Nurse shark","F",131,NA,160,"E",2013,"2013-05-16",1.4673,1.6053,7.3363
"784",972,"2013-06-07","Nurse shark","F",131,NA,160,"E",2013,"2013-07-17",2.1737,2.4643,21.7373
"785",973,"2013-06-07","Nurse shark","F",112,NA,176,"E",2013,"2013-05-16",1.4673,1.6053,7.3363
"786",974,"2013-06-07","Nurse shark","F",112,NA,176,"E",2013,"2013-07-17",2.1737,2.4643,21.7373
"787",975,"2013-06-13","Nurse shark","F",91,NA,158,"E",2013,"2013-05-16",1.4673,1.6053,7.3363
"788",976,"2013-06-13","Nurse shark","F",91,NA,158,"E",2013,"2013-07-17",2.1737,2.4643,21.7373
"789",977,"2013-06-13","Nurse shark","M",123,NA,165,"E",2013,"2013-05-16",1.4673,1.6053,7.3363
"790",978,"2013-06-13","Nurse shark","M",123,NA,165,"E",2013,"2013-07-17",2.1737,2.4643,21.7373
"791",979,"2013-06-14","Nurse shark","M",105,NA,150,"E",2013,"2013-05-16",1.4673,1.6053,7.3363
"792",980,"2013-06-14","Nurse shark","M",105,NA,150,"E",2013,"2013-07-17",2.1737,2.4643,21.7373
"793",981,"2013-06-14","Nurse shark","M",111,NA,160,"E",2013,"2013-05-16",1.4673,1.6053,7.3363
"794",982,"2013-06-14","Nurse shark","M",111,NA,160,"E",2013,"2013-07-17",2.1737,2.4643,21.7373
"795",983,"2013-06-15","Nurse shark","F",160,NA,210,"E",2013,"2013-05-16",1.4673,1.6053,7.3363
"796",984,"2013-06-15","Nurse shark","F",160,NA,210,"E",2013,"2013-07-17",2.1737,2.4643,21.7373
"797",985,"2013-06-15","Nurse shark","F",200,NA,230,"E",2013,"2013-05-16",1.4673,1.6053,7.3363
"798",986,"2013-06-15","Nurse shark","F",200,NA,230,"E",2013,"2013-07-17",2.1737,2.4643,21.7373
"799",987,"2013-06-15","Nurse shark","F",170,NA,228,"E",2013,"2013-05-16",1.4673,1.6053,7.3363
"800",988,"2013-06-15","Nurse shark","F",170,NA,228,"E",2013,"2013-07-17",2.1737,2.4643,21.7373
"801",989,"2013-06-16","Nurse shark","M",150,NA,200,"E",2013,"2013-05-16",1.4673,1.6053,7.3363
"802",990,"2013-06-16","Nurse shark","M",150,NA,200,"E",2013,"2013-07-17",2.1737,2.4643,21.7373
"803",991,"2014-05-29","Nurse shark","M",98,NA,142,"E",2014,"2014-05-01",1.3709,1.6428,9.5964
"804",992,"2014-05-29","Nurse shark","M",98,NA,142,"E",2014,"2014-07-05",2.2189,3.8736,130.9127
"805",993,"2014-05-29","Nurse shark","M",98,NA,142,"E",2014,"2014-08-03",2.3834,2.7431,23.8337
"806",994,"2014-05-29","Nurse shark","M",98,NA,142,"E",2014,"2014-08-27",2.868,3.9655,43.0205
"807",995,"2014-05-29","Nurse shark","M",98,NA,142,"E",2014,"2014-09-13",2.5214,4.4081,769.0157
"808",996,"2014-05-29","Nurse shark","F",11,NA,171.5,"E",2014,"2014-05-01",1.3709,1.6428,9.5964
"809",997,"2014-05-29","Nurse shark","F",11,NA,171.5,"E",2014,"2014-07-05",2.2189,3.8736,130.9127
"810",998,"2014-05-29","Nurse shark","F",11,NA,171.5,"E",2014,"2014-08-03",2.3834,2.7431,23.8337
"811",999,"2014-05-29","Nurse shark","F",11,NA,171.5,"E",2014,"2014-08-27",2.868,3.9655,43.0205
"812",1000,"2014-05-29","Nurse shark","F",11,NA,171.5,"E",2014,"2014-09-13",2.5214,4.4081,769.0157
"813",1001,"2014-05-30","Nurse shark","F",64,NA,95,"E",2014,"2014-05-01",1.3709,1.6428,9.5964
"814",1002,"2014-05-30","Nurse shark","F",64,NA,95,"E",2014,"2014-07-05",2.2189,3.8736,130.9127
"815",1003,"2014-05-30","Nurse shark","F",64,NA,95,"E",2014,"2014-08-03",2.3834,2.7431,23.8337
"816",1004,"2014-05-30","Nurse shark","F",64,NA,95,"E",2014,"2014-08-27",2.868,3.9655,43.0205
"817",1005,"2014-05-30","Nurse shark","F",64,NA,95,"E",2014,"2014-09-13",2.5214,4.4081,769.0157
"818",1006,"2014-05-30","Nurse shark","M",101,NA,155,"E",2014,"2014-05-01",1.3709,1.6428,9.5964
"819",1007,"2014-05-30","Nurse shark","M",101,NA,155,"E",2014,"2014-07-05",2.2189,3.8736,130.9127
"820",1008,"2014-05-30","Nurse shark","M",101,NA,155,"E",2014,"2014-08-03",2.3834,2.7431,23.8337
"821",1009,"2014-05-30","Nurse shark","M",101,NA,155,"E",2014,"2014-08-27",2.868,3.9655,43.0205
"822",1010,"2014-05-30","Nurse shark","M",101,NA,155,"E",2014,"2014-09-13",2.5214,4.4081,769.0157
"823",1011,"2014-05-30","Nurse shark","M",113,NA,166,"E",2014,"2014-05-01",1.3709,1.6428,9.5964
"824",1012,"2014-05-30","Nurse shark","M",113,NA,166,"E",2014,"2014-07-05",2.2189,3.8736,130.9127
"825",1013,"2014-05-30","Nurse shark","M",113,NA,166,"E",2014,"2014-08-03",2.3834,2.7431,23.8337
"826",1014,"2014-05-30","Nurse shark","M",113,NA,166,"E",2014,"2014-08-27",2.868,3.9655,43.0205
"827",1015,"2014-05-30","Nurse shark","M",113,NA,166,"E",2014,"2014-09-13",2.5214,4.4081,769.0157
"828",1016,"2014-06-07","Nurse shark","M",100,NA,145,"E",2014,"2014-05-01",1.3709,1.6428,9.5964
"829",1017,"2014-06-07","Nurse shark","M",100,NA,145,"E",2014,"2014-07-05",2.2189,3.8736,130.9127
"830",1018,"2014-06-07","Nurse shark","M",100,NA,145,"E",2014,"2014-08-03",2.3834,2.7431,23.8337
"831",1019,"2014-06-07","Nurse shark","M",100,NA,145,"E",2014,"2014-08-27",2.868,3.9655,43.0205
"832",1020,"2014-06-07","Nurse shark","M",100,NA,145,"E",2014,"2014-09-13",2.5214,4.4081,769.0157
"833",1021,"2014-06-07","Nurse shark","M",110,NA,165,"E",2014,"2014-05-01",1.3709,1.6428,9.5964
"834",1022,"2014-06-07","Nurse shark","M",110,NA,165,"E",2014,"2014-07-05",2.2189,3.8736,130.9127
"835",1023,"2014-06-07","Nurse shark","M",110,NA,165,"E",2014,"2014-08-03",2.3834,2.7431,23.8337
"836",1024,"2014-06-07","Nurse shark","M",110,NA,165,"E",2014,"2014-08-27",2.868,3.9655,43.0205
"837",1025,"2014-06-07","Nurse shark","M",110,NA,165,"E",2014,"2014-09-13",2.5214,4.4081,769.0157
"838",1026,"2014-06-07","Nurse shark","F",103,NA,146,"E",2014,"2014-05-01",1.3709,1.6428,9.5964
"839",1027,"2014-06-07","Nurse shark","F",103,NA,146,"E",2014,"2014-07-05",2.2189,3.8736,130.9127
"840",1028,"2014-06-07","Nurse shark","F",103,NA,146,"E",2014,"2014-08-03",2.3834,2.7431,23.8337
"841",1029,"2014-06-07","Nurse shark","F",103,NA,146,"E",2014,"2014-08-27",2.868,3.9655,43.0205
"842",1030,"2014-06-07","Nurse shark","F",103,NA,146,"E",2014,"2014-09-13",2.5214,4.4081,769.0157
"843",1031,"2014-06-07","Nurse shark","M",109,NA,158,"E",2014,"2014-05-01",1.3709,1.6428,9.5964
"844",1032,"2014-06-07","Nurse shark","M",109,NA,158,"E",2014,"2014-07-05",2.2189,3.8736,130.9127
"845",1033,"2014-06-07","Nurse shark","M",109,NA,158,"E",2014,"2014-08-03",2.3834,2.7431,23.8337
"846",1034,"2014-06-07","Nurse shark","M",109,NA,158,"E",2014,"2014-08-27",2.868,3.9655,43.0205
"847",1035,"2014-06-07","Nurse shark","M",109,NA,158,"E",2014,"2014-09-13",2.5214,4.4081,769.0157
"848",1036,"2014-06-08","Nurse shark","F",150,NA,216,"E",2014,"2014-05-01",1.3709,1.6428,9.5964
"849",1037,"2014-06-08","Nurse shark","F",150,NA,216,"E",2014,"2014-07-05",2.2189,3.8736,130.9127
"850",1038,"2014-06-08","Nurse shark","F",150,NA,216,"E",2014,"2014-08-03",2.3834,2.7431,23.8337
"851",1039,"2014-06-08","Nurse shark","F",150,NA,216,"E",2014,"2014-08-27",2.868,3.9655,43.0205
"852",1040,"2014-06-08","Nurse shark","F",150,NA,216,"E",2014,"2014-09-13",2.5214,4.4081,769.0157
"853",1041,"2014-06-08","Nurse shark","F",110,NA,210,"E",2014,"2014-05-01",1.3709,1.6428,9.5964
"854",1042,"2014-06-08","Nurse shark","F",110,NA,210,"E",2014,"2014-07-05",2.2189,3.8736,130.9127
"855",1043,"2014-06-08","Nurse shark","F",110,NA,210,"E",2014,"2014-08-03",2.3834,2.7431,23.8337
"856",1044,"2014-06-08","Nurse shark","F",110,NA,210,"E",2014,"2014-08-27",2.868,3.9655,43.0205
"857",1045,"2014-06-08","Nurse shark","F",110,NA,210,"E",2014,"2014-09-13",2.5214,4.4081,769.0157
"858",1046,"2014-06-23","Nurse shark","M",154,NA,228,"E",2014,"2014-05-01",1.3709,1.6428,9.5964
"859",1047,"2014-06-23","Nurse shark","M",154,NA,228,"E",2014,"2014-07-05",2.2189,3.8736,130.9127
"860",1048,"2014-06-23","Nurse shark","M",154,NA,228,"E",2014,"2014-08-03",2.3834,2.7431,23.8337
"861",1049,"2014-06-23","Nurse shark","M",154,NA,228,"E",2014,"2014-08-27",2.868,3.9655,43.0205
"862",1050,"2014-06-23","Nurse shark","M",154,NA,228,"E",2014,"2014-09-13",2.5214,4.4081,769.0157
"863",1051,"2014-06-23","Nurse shark","M",145,NA,212,"E",2014,"2014-05-01",1.3709,1.6428,9.5964
"864",1052,"2014-06-23","Nurse shark","M",145,NA,212,"E",2014,"2014-07-05",2.2189,3.8736,130.9127
"865",1053,"2014-06-23","Nurse shark","M",145,NA,212,"E",2014,"2014-08-03",2.3834,2.7431,23.8337
"866",1054,"2014-06-23","Nurse shark","M",145,NA,212,"E",2014,"2014-08-27",2.868,3.9655,43.0205
"867",1055,"2014-06-23","Nurse shark","M",145,NA,212,"E",2014,"2014-09-13",2.5214,4.4081,769.0157
"868",1056,"2014-06-23","Nurse shark","F",110,NA,160,"E",2014,"2014-05-01",1.3709,1.6428,9.5964
"869",1057,"2014-06-23","Nurse shark","F",110,NA,160,"E",2014,"2014-07-05",2.2189,3.8736,130.9127
"870",1058,"2014-06-23","Nurse shark","F",110,NA,160,"E",2014,"2014-08-03",2.3834,2.7431,23.8337
"871",1059,"2014-06-23","Nurse shark","F",110,NA,160,"E",2014,"2014-08-27",2.868,3.9655,43.0205
"872",1060,"2014-06-23","Nurse shark","F",110,NA,160,"E",2014,"2014-09-13",2.5214,4.4081,769.0157
"873",1061,"2014-06-23","Nurse shark","M",160,NA,228,"E",2014,"2014-05-01",1.3709,1.6428,9.5964
"874",1062,"2014-06-23","Nurse shark","M",160,NA,228,"E",2014,"2014-07-05",2.2189,3.8736,130.9127
"875",1063,"2014-06-23","Nurse shark","M",160,NA,228,"E",2014,"2014-08-03",2.3834,2.7431,23.8337
"876",1064,"2014-06-23","Nurse shark","M",160,NA,228,"E",2014,"2014-08-27",2.868,3.9655,43.0205
"877",1065,"2014-06-23","Nurse shark","M",160,NA,228,"E",2014,"2014-09-13",2.5214,4.4081,769.0157
"878",1066,"2014-06-24","Nurse shark","M",110,NA,157,"E",2014,"2014-05-01",1.3709,1.6428,9.5964
"879",1067,"2014-06-24","Nurse shark","M",110,NA,157,"E",2014,"2014-07-05",2.2189,3.8736,130.9127
"880",1068,"2014-06-24","Nurse shark","M",110,NA,157,"E",2014,"2014-08-03",2.3834,2.7431,23.8337
"881",1069,"2014-06-24","Nurse shark","M",110,NA,157,"E",2014,"2014-08-27",2.868,3.9655,43.0205
"882",1070,"2014-06-24","Nurse shark","M",110,NA,157,"E",2014,"2014-09-13",2.5214,4.4081,769.0157
"883",1071,"2014-06-25","Nurse shark","M",111,NA,162,"E",2014,"2014-05-01",1.3709,1.6428,9.5964
"884",1072,"2014-06-25","Nurse shark","M",111,NA,162,"E",2014,"2014-07-05",2.2189,3.8736,130.9127
"885",1073,"2014-06-25","Nurse shark","M",111,NA,162,"E",2014,"2014-08-03",2.3834,2.7431,23.8337
"886",1074,"2014-06-25","Nurse shark","M",111,NA,162,"E",2014,"2014-08-27",2.868,3.9655,43.0205
"887",1075,"2014-06-25","Nurse shark","M",111,NA,162,"E",2014,"2014-09-13",2.5214,4.4081,769.0157
"888",1076,"2014-06-25","Nurse shark","M",159,NA,227,"E",2014,"2014-05-01",1.3709,1.6428,9.5964
"889",1077,"2014-06-25","Nurse shark","M",159,NA,227,"E",2014,"2014-07-05",2.2189,3.8736,130.9127
"890",1078,"2014-06-25","Nurse shark","M",159,NA,227,"E",2014,"2014-08-03",2.3834,2.7431,23.8337
"891",1079,"2014-06-25","Nurse shark","M",159,NA,227,"E",2014,"2014-08-27",2.868,3.9655,43.0205
"892",1080,"2014-06-25","Nurse shark","M",159,NA,227,"E",2014,"2014-09-13",2.5214,4.4081,769.0157
"893",1081,"2014-06-25","Nurse shark","M",155,NA,204,"E",2014,"2014-05-01",1.3709,1.6428,9.5964
"894",1082,"2014-06-25","Nurse shark","M",155,NA,204,"E",2014,"2014-07-05",2.2189,3.8736,130.9127
"895",1083,"2014-06-25","Nurse shark","M",155,NA,204,"E",2014,"2014-08-03",2.3834,2.7431,23.8337
"896",1084,"2014-06-25","Nurse shark","M",155,NA,204,"E",2014,"2014-08-27",2.868,3.9655,43.0205
"897",1085,"2014-06-25","Nurse shark","M",155,NA,204,"E",2014,"2014-09-13",2.5214,4.4081,769.0157
"898",1086,"2014-06-25","Nurse shark","M",132,NA,202,"E",2014,"2014-05-01",1.3709,1.6428,9.5964
"899",1087,"2014-06-25","Nurse shark","M",132,NA,202,"E",2014,"2014-07-05",2.2189,3.8736,130.9127
"900",1088,"2014-06-25","Nurse shark","M",132,NA,202,"E",2014,"2014-08-03",2.3834,2.7431,23.8337
"901",1089,"2014-06-25","Nurse shark","M",132,NA,202,"E",2014,"2014-08-27",2.868,3.9655,43.0205
"902",1090,"2014-06-25","Nurse shark","M",132,NA,202,"E",2014,"2014-09-13",2.5214,4.4081,769.0157
"903",1091,"2014-06-25","Caribbean reef shark","F",167,178,218,"E",2014,"2014-05-01",1.3709,1.6428,9.5964
"904",1092,"2014-06-25","Caribbean reef shark","F",167,178,218,"E",2014,"2014-07-05",2.2189,3.8736,130.9127
"905",1093,"2014-06-25","Caribbean reef shark","F",167,178,218,"E",2014,"2014-08-03",2.3834,2.7431,23.8337
"906",1094,"2014-06-25","Caribbean reef shark","F",167,178,218,"E",2014,"2014-08-27",2.868,3.9655,43.0205
"907",1095,"2014-06-25","Caribbean reef shark","F",167,178,218,"E",2014,"2014-09-13",2.5214,4.4081,769.0157
"908",1096,"2014-06-26","Nurse shark","F",142,NA,200,"E",2014,"2014-05-01",1.3709,1.6428,9.5964
"909",1097,"2014-06-26","Nurse shark","F",142,NA,200,"E",2014,"2014-07-05",2.2189,3.8736,130.9127
"910",1098,"2014-06-26","Nurse shark","F",142,NA,200,"E",2014,"2014-08-03",2.3834,2.7431,23.8337
"911",1099,"2014-06-26","Nurse shark","F",142,NA,200,"E",2014,"2014-08-27",2.868,3.9655,43.0205
"912",1100,"2014-06-26","Nurse shark","F",142,NA,200,"E",2014,"2014-09-13",2.5214,4.4081,769.0157
"913",1101,"2014-06-26","Nurse shark","M",98,NA,139,"E",2014,"2014-05-01",1.3709,1.6428,9.5964
"914",1102,"2014-06-26","Nurse shark","M",98,NA,139,"E",2014,"2014-07-05",2.2189,3.8736,130.9127
"915",1103,"2014-06-26","Nurse shark","M",98,NA,139,"E",2014,"2014-08-03",2.3834,2.7431,23.8337
"916",1104,"2014-06-26","Nurse shark","M",98,NA,139,"E",2014,"2014-08-27",2.868,3.9655,43.0205
"917",1105,"2014-06-26","Nurse shark","M",98,NA,139,"E",2014,"2014-09-13",2.5214,4.4081,769.0157
"918",1106,"2014-06-27","Nurse shark","M",115,NA,166,"E",2014,"2014-05-01",1.3709,1.6428,9.5964
"919",1107,"2014-06-27","Nurse shark","M",115,NA,166,"E",2014,"2014-07-05",2.2189,3.8736,130.9127
"920",1108,"2014-06-27","Nurse shark","M",115,NA,166,"E",2014,"2014-08-03",2.3834,2.7431,23.8337
"921",1109,"2014-06-27","Nurse shark","M",115,NA,166,"E",2014,"2014-08-27",2.868,3.9655,43.0205
"922",1110,"2014-06-27","Nurse shark","M",115,NA,166,"E",2014,"2014-09-13",2.5214,4.4081,769.0157
"923",1111,"2014-07-26","Nurse shark","M",115,NA,163,"E",2014,"2014-05-01",1.3709,1.6428,9.5964
"924",1112,"2014-07-26","Nurse shark","M",115,NA,163,"E",2014,"2014-07-05",2.2189,3.8736,130.9127
"925",1113,"2014-07-26","Nurse shark","M",115,NA,163,"E",2014,"2014-08-03",2.3834,2.7431,23.8337
"926",1114,"2014-07-26","Nurse shark","M",115,NA,163,"E",2014,"2014-08-27",2.868,3.9655,43.0205
"927",1115,"2014-07-26","Nurse shark","M",115,NA,163,"E",2014,"2014-09-13",2.5214,4.4081,769.0157
"928",1116,"2014-07-27","Caribbean reef shark","M",78,82,100,"F",2014,"2014-05-01",1.3709,1.6428,9.5964
"929",1117,"2014-07-27","Caribbean reef shark","M",78,82,100,"F",2014,"2014-07-05",2.2189,3.8736,130.9127
"930",1118,"2014-07-27","Caribbean reef shark","M",78,82,100,"F",2014,"2014-08-03",2.3834,2.7431,23.8337
"931",1119,"2014-07-27","Caribbean reef shark","M",78,82,100,"F",2014,"2014-08-27",2.868,3.9655,43.0205
"932",1120,"2014-07-27","Caribbean reef shark","M",78,82,100,"F",2014,"2014-09-13",2.5214,4.4081,769.0157
"933",1121,"2014-07-27","Nurse shark","F",139,NA,205,"E",2014,"2014-05-01",1.3709,1.6428,9.5964
"934",1122,"2014-07-27","Nurse shark","F",139,NA,205,"E",2014,"2014-07-05",2.2189,3.8736,130.9127
"935",1123,"2014-07-27","Nurse shark","F",139,NA,205,"E",2014,"2014-08-03",2.3834,2.7431,23.8337
"936",1124,"2014-07-27","Nurse shark","F",139,NA,205,"E",2014,"2014-08-27",2.868,3.9655,43.0205
"937",1125,"2014-07-27","Nurse shark","F",139,NA,205,"E",2014,"2014-09-13",2.5214,4.4081,769.0157
"938",1126,"2014-07-27","Nurse shark","M",145,NA,209,"E",2014,"2014-05-01",1.3709,1.6428,9.5964
"939",1127,"2014-07-27","Nurse shark","M",145,NA,209,"E",2014,"2014-07-05",2.2189,3.8736,130.9127
"940",1128,"2014-07-27","Nurse shark","M",145,NA,209,"E",2014,"2014-08-03",2.3834,2.7431,23.8337
"941",1129,"2014-07-27","Nurse shark","M",145,NA,209,"E",2014,"2014-08-27",2.868,3.9655,43.0205
"942",1130,"2014-07-27","Nurse shark","M",145,NA,209,"E",2014,"2014-09-13",2.5214,4.4081,769.0157
"943",1131,"2014-07-28","Nurse shark","M",155,NA,210,"E",2014,"2014-05-01",1.3709,1.6428,9.5964
"944",1132,"2014-07-28","Nurse shark","M",155,NA,210,"E",2014,"2014-07-05",2.2189,3.8736,130.9127
"945",1133,"2014-07-28","Nurse shark","M",155,NA,210,"E",2014,"2014-08-03",2.3834,2.7431,23.8337
"946",1134,"2014-07-28","Nurse shark","M",155,NA,210,"E",2014,"2014-08-27",2.868,3.9655,43.0205
"947",1135,"2014-07-28","Nurse shark","M",155,NA,210,"E",2014,"2014-09-13",2.5214,4.4081,769.0157
"948",1136,"2014-07-29","Caribbean reef shark","F",92,99,123,"E",2014,"2014-05-01",1.3709,1.6428,9.5964
"949",1137,"2014-07-29","Caribbean reef shark","F",92,99,123,"E",2014,"2014-07-05",2.2189,3.8736,130.9127
"950",1138,"2014-07-29","Caribbean reef shark","F",92,99,123,"E",2014,"2014-08-03",2.3834,2.7431,23.8337
"951",1139,"2014-07-29","Caribbean reef shark","F",92,99,123,"E",2014,"2014-08-27",2.868,3.9655,43.0205
"952",1140,"2014-07-29","Caribbean reef shark","F",92,99,123,"E",2014,"2014-09-13",2.5214,4.4081,769.0157
"953",1141,"2014-07-29","Caribbean reef shark","M",75,83,105,"E",2014,"2014-05-01",1.3709,1.6428,9.5964
"954",1142,"2014-07-29","Caribbean reef shark","M",75,83,105,"E",2014,"2014-07-05",2.2189,3.8736,130.9127
"955",1143,"2014-07-29","Caribbean reef shark","M",75,83,105,"E",2014,"2014-08-03",2.3834,2.7431,23.8337
"956",1144,"2014-07-29","Caribbean reef shark","M",75,83,105,"E",2014,"2014-08-27",2.868,3.9655,43.0205
"957",1145,"2014-07-29","Caribbean reef shark","M",75,83,105,"E",2014,"2014-09-13",2.5214,4.4081,769.0157
"958",1146,"2014-07-29","Caribbean reef shark","F",70,77,95,"E",2014,"2014-05-01",1.3709,1.6428,9.5964
"959",1147,"2014-07-29","Caribbean reef shark","F",70,77,95,"E",2014,"2014-07-05",2.2189,3.8736,130.9127
"960",1148,"2014-07-29","Caribbean reef shark","F",70,77,95,"E",2014,"2014-08-03",2.3834,2.7431,23.8337
"961",1149,"2014-07-29","Caribbean reef shark","F",70,77,95,"E",2014,"2014-08-27",2.868,3.9655,43.0205
"962",1150,"2014-07-29","Caribbean reef shark","F",70,77,95,"E",2014,"2014-09-13",2.5214,4.4081,769.0157
"963",1151,"2014-07-29","Nurse shark","M",143,NA,208,"E",2014,"2014-05-01",1.3709,1.6428,9.5964
"964",1152,"2014-07-29","Nurse shark","M",143,NA,208,"E",2014,"2014-07-05",2.2189,3.8736,130.9127
"965",1153,"2014-07-29","Nurse shark","M",143,NA,208,"E",2014,"2014-08-03",2.3834,2.7431,23.8337
"966",1154,"2014-07-29","Nurse shark","M",143,NA,208,"E",2014,"2014-08-27",2.868,3.9655,43.0205
"967",1155,"2014-07-29","Nurse shark","M",143,NA,208,"E",2014,"2014-09-13",2.5214,4.4081,769.0157
"968",1156,"2014-07-29","Nurse shark","M",111,NA,162,"E",2014,"2014-05-01",1.3709,1.6428,9.5964
"969",1157,"2014-07-29","Nurse shark","M",111,NA,162,"E",2014,"2014-07-05",2.2189,3.8736,130.9127
"970",1158,"2014-07-29","Nurse shark","M",111,NA,162,"E",2014,"2014-08-03",2.3834,2.7431,23.8337
"971",1159,"2014-07-29","Nurse shark","M",111,NA,162,"E",2014,"2014-08-27",2.868,3.9655,43.0205
"972",1160,"2014-07-29","Nurse shark","M",111,NA,162,"E",2014,"2014-09-13",2.5214,4.4081,769.0157
"973",1161,"2014-07-25","Nurse shark","M",120,NA,215,"E",2014,"2014-05-01",1.3709,1.6428,9.5964
"974",1162,"2014-07-25","Nurse shark","M",120,NA,215,"E",2014,"2014-07-05",2.2189,3.8736,130.9127
"975",1163,"2014-07-25","Nurse shark","M",120,NA,215,"E",2014,"2014-08-03",2.3834,2.7431,23.8337
"976",1164,"2014-07-25","Nurse shark","M",120,NA,215,"E",2014,"2014-08-27",2.868,3.9655,43.0205
"977",1165,"2014-07-25","Nurse shark","M",120,NA,215,"E",2014,"2014-09-13",2.5214,4.4081,769.0157
"978",1166,"2014-07-26","Nurse shark","M",160,NA,225,"E",2014,"2014-05-01",1.3709,1.6428,9.5964
"979",1167,"2014-07-26","Nurse shark","M",160,NA,225,"E",2014,"2014-07-05",2.2189,3.8736,130.9127
"980",1168,"2014-07-26","Nurse shark","M",160,NA,225,"E",2014,"2014-08-03",2.3834,2.7431,23.8337
"981",1169,"2014-07-26","Nurse shark","M",160,NA,225,"E",2014,"2014-08-27",2.868,3.9655,43.0205
"982",1170,"2014-07-26","Nurse shark","M",160,NA,225,"E",2014,"2014-09-13",2.5214,4.4081,769.0157
"983",1171,"2014-07-28","Nurse shark","M",150,NA,220,"E",2014,"2014-05-01",1.3709,1.6428,9.5964
"984",1172,"2014-07-28","Nurse shark","M",150,NA,220,"E",2014,"2014-07-05",2.2189,3.8736,130.9127
"985",1173,"2014-07-28","Nurse shark","M",150,NA,220,"E",2014,"2014-08-03",2.3834,2.7431,23.8337
"986",1174,"2014-07-28","Nurse shark","M",150,NA,220,"E",2014,"2014-08-27",2.868,3.9655,43.0205
"987",1175,"2014-07-28","Nurse shark","M",150,NA,220,"E",2014,"2014-09-13",2.5214,4.4081,769.0157
